Status,Module,File Time Stamp,Link Time Stamp,File Size,Attr.,Link Checksum,Real Checksum,CPU,Subsystem,Symbols,Preferred Base,Actual Base,Virtual Size,Load Order,File Ver,Product Ver,Image Ver,Linker Ver,OS Ver,Subsystem Ver
?,"API-MS-WIN-CORE-KERNEL32-PRIVATE-L1-1-1.DLL","Error opening file. The system cannot find the file specified (2).",,,,,,,,,,,,,,,,,,
?,"API-MS-WIN-CORE-PRIVATEPROFILE-L1-1-1.DLL","Error opening file. The system cannot find the file specified (2).",,,,,,,,,,,,,,,,,,
D?,"API-MS-WIN-CORE-SHUTDOWN-L1-1-1.DLL","Error opening file. The system cannot find the file specified (2).",,,,,,,,,,,,,,,,,,
?,"API-MS-WIN-SERVICE-PRIVATE-L1-1-1.DLL","Error opening file. The system cannot find the file specified (2).",,,,,,,,,,,,,,,,,,
D?,"EXT-MS-WIN-NTUSER-UICONTEXT-EXT-L1-1-0.DLL","Error opening file. The system cannot find the file specified (2).",,,,,,,,,,,,,,,,,,
D?,"IESHIMS.DLL","Error opening file. The system cannot find the file specified (2).",,,,,,,,,,,,,,,,,,
D,"DBGHELP.DLL",2014-01-27 17:00:35,2014-01-27 17:00:28,1238016,A,0x0013A9B6,0x0013A9B6,x86,Console,"CV",0x03000000,Unknown,0x00148000,Not Loaded,6.3.9600.16520,6.3.9600.16520,6.3,11.0,6.3,6.3
D,"ADSLDPC.DLL",2013-08-22 04:02:37,2013-08-22 04:02:36,215040,A,0x0003E44C,0x0003E44C,x86,Console,"CV",0x10000000,Unknown,0x00038000,Not Loaded,6.3.9600.16384,6.3.9600.16384,6.3,11.0,6.3,6.3
D,"API-MS-WIN-APPMODEL-IDENTITY-L1-1-0.DLL",2013-08-22 04:14:10,2013-08-22 04:14:10,3072,HA,0x00006DFD,0x00006DFD,x86,Console,"CV",0x10000000,Unknown,0x00003000,Not Loaded,6.3.9600.16384,6.3.9600.16384,6.3,11.0,6.3,6.3
D,"API-MS-WIN-APPMODEL-RUNTIME-INTERNAL-L1-1-0.DLL",2013-08-22 04:13:28,2013-08-22 04:13:28,3584,HA,0x00008213,0x00008213,x86,Console,"CV",0x10000000,Unknown,0x00003000,Not Loaded,6.3.9600.16384,6.3.9600.16384,6.3,11.0,6.3,6.3
D,"API-MS-WIN-APPMODEL-RUNTIME-L1-1-0.DLL",2013-08-22 04:14:12,2013-08-22 04:14:12,3072,HA,0x0000E049,0x0000E049,x86,Console,"CV",0x10000000,Unknown,0x00003000,Not Loaded,6.3.9600.16384,6.3.9600.16384,6.3,11.0,6.3,6.3
D,"API-MS-WIN-APPMODEL-RUNTIME-L1-1-1.DLL",2013-08-22 04:14:13,2013-08-22 04:14:13,3584,HA,0x00006572,0x00006572,x86,Console,"CV",0x10000000,Unknown,0x00003000,Not Loaded,6.3.9600.16384,6.3.9600.16384,6.3,11.0,6.3,6.3
D,"API-MS-WIN-BASE-UTIL-L1-1-0.DLL",2013-08-22 04:14:44,2013-08-22 04:14:44,3072,HA,0x0000ED1C,0x0000ED1C,x86,Console,"CV",0x10000000,Unknown,0x00004000,Not Loaded,6.3.9600.16384,6.3.9600.16384,6.3,11.0,6.3,6.3
,"API-MS-WIN-CORE-APIQUERY-L1-1-0.DLL",2013-08-22 04:17:20,2013-08-22 04:17:20,2560,HA,0x00006887,0x00006887,x86,Console,"CV",0x10000000,Unknown,0x00003000,Not Loaded,6.3.9600.16384,6.3.9600.16384,6.3,11.0,6.3,6.3
,"API-MS-WIN-CORE-APPCOMPAT-L1-1-1.DLL",2013-08-22 04:17:15,2013-08-22 04:17:15,3584,HA,0x00007682,0x00007682,x86,Console,"CV",0x10000000,Unknown,0x00004000,Not Loaded,6.3.9600.16384,6.3.9600.16384,6.3,11.0,6.3,6.3
,"API-MS-WIN-CORE-APPINIT-L1-1-0.DLL",2013-08-22 04:17:35,2013-08-22 04:17:35,2560,HA,0x00006D8F,0x00006D8F,x86,Console,"CV",0x10000000,Unknown,0x00003000,Not Loaded,6.3.9600.16384,6.3.9600.16384,6.3,11.0,6.3,6.3
,"API-MS-WIN-CORE-ATOMS-L1-1-0.DLL",2013-08-22 04:17:15,2013-08-22 04:17:15,3584,HA,0x0000AF80,0x0000AF80,x86,Console,"CV",0x10000000,Unknown,0x00004000,Not Loaded,6.3.9600.16384,6.3.9600.16384,6.3,11.0,6.3,6.3
,"API-MS-WIN-CORE-BEM-L1-1-0.DLL",2013-08-22 04:17:20,2013-08-22 04:17:20,2560,HA,0x00002E01,0x00002E01,x86,Console,"CV",0x10000000,Unknown,0x00003000,Not Loaded,6.3.9600.16384,6.3.9600.16384,6.3,11.0,6.3,6.3
D,"API-MS-WIN-CORE-BIPLMAPI-L1-1-1.DLL",2013-08-22 04:14:13,2013-08-22 04:14:13,3584,HA,0x00001A3D,0x00001A3D,x86,Console,"CV",0x10000000,Unknown,0x00004000,Not Loaded,6.3.9600.16384,6.3.9600.16384,6.3,11.0,6.3,6.3
D,"API-MS-WIN-CORE-CALENDAR-L1-1-0.DLL",2013-08-22 04:14:46,2013-08-22 04:14:46,3072,HA,0x000010C9,0x000010C9,x86,Console,"CV",0x10000000,Unknown,0x00004000,Not Loaded,6.3.9600.16384,6.3.9600.16384,6.3,11.0,6.3,6.3
E,"API-MS-WIN-CORE-COM-L1-1-0.DLL",2013-08-22 04:14:21,2013-08-22 04:14:21,5632,HA,0x0000F342,0x0000F342,x86,Console,"CV",0x10000000,Unknown,0x00004000,Not Loaded,6.3.9600.16384,6.3.9600.16384,6.3,11.0,6.3,6.3
,"API-MS-WIN-CORE-COM-L1-1-1.DLL",2013-08-22 04:14:23,2013-08-22 04:14:23,5632,HA,0x0000B22C,0x0000B22C,x86,Console,"CV",0x10000000,Unknown,0x00004000,Not Loaded,6.3.9600.16384,6.3.9600.16384,6.3,11.0,6.3,6.3
,"API-MS-WIN-CORE-COM-PRIVATE-L1-1-0.DLL",2013-08-22 04:12:54,2013-08-22 04:12:54,6144,HA,0x00003F6B,0x00003F6B,x86,Console,"CV",0x10000000,Unknown,0x00004000,Not Loaded,6.3.9600.16384,6.3.9600.16384,6.3,11.0,6.3,6.3
,"API-MS-WIN-CORE-COMM-L1-1-0.DLL",2013-08-22 04:14:45,2013-08-22 04:14:45,3584,HA,0x0000EAEF,0x0000EAEF,x86,Console,"CV",0x10000000,Unknown,0x00004000,Not Loaded,6.3.9600.16384,6.3.9600.16384,6.3,11.0,6.3,6.3
,"API-MS-WIN-CORE-CONSOLE-L1-1-0.DLL",2013-08-22 04:14:48,2013-08-22 04:14:48,3584,HA,0x000090A4,0x000090A4,x86,Console,"CV",0x10000000,Unknown,0x00004000,Not Loaded,6.3.9600.16384,6.3.9600.16384,6.3,11.0,6.3,6.3
,"API-MS-WIN-CORE-CONSOLE-L2-1-0.DLL",2013-08-22 04:14:45,2013-08-22 04:14:45,4096,HA,0x00001528,0x00001528,x86,Console,"CV",0x10000000,Unknown,0x00004000,Not Loaded,6.3.9600.16384,6.3.9600.16384,6.3,11.0,6.3,6.3
,"API-MS-WIN-CORE-CRT-L1-1-0.DLL",2013-08-22 04:17:34,2013-08-22 04:17:34,4608,HA,0x00002592,0x00002592,x86,Console,"CV",0x10000000,Unknown,0x00003000,Not Loaded,6.3.9600.16384,6.3.9600.16384,6.3,11.0,6.3,6.3
,"API-MS-WIN-CORE-CRT-L2-1-0.DLL",2013-08-22 04:17:34,2013-08-22 04:17:34,3072,HA,0x0000CC4C,0x0000CC4C,x86,Console,"CV",0x10000000,Unknown,0x00003000,Not Loaded,6.3.9600.16384,6.3.9600.16384,6.3,11.0,6.3,6.3
,"API-MS-WIN-CORE-DATETIME-L1-1-1.DLL",2013-08-22 04:17:23,2013-08-22 04:17:22,2560,HA,0x000019CB,0x000019CB,x86,Console,"CV",0x10000000,Unknown,0x00003000,Not Loaded,6.3.9600.16384,6.3.9600.16384,6.3,11.0,6.3,6.3
,"API-MS-WIN-CORE-DEBUG-L1-1-1.DLL",2013-08-22 04:17:20,2013-08-22 04:17:20,2560,HA,0x00005CFC,0x00005CFC,x86,Console,"CV",0x10000000,Unknown,0x00003000,Not Loaded,6.3.9600.16384,6.3.9600.16384,6.3,11.0,6.3,6.3
,"API-MS-WIN-CORE-DELAYLOAD-L1-1-1.DLL",2013-08-22 04:17:23,2013-08-22 04:17:22,2560,HA,0x00007C0D,0x00007C0D,x86,Console,"CV",0x10000000,Unknown,0x00003000,Not Loaded,6.3.9600.16384,6.3.9600.16384,6.3,11.0,6.3,6.3
D,"API-MS-WIN-CORE-ERRORHANDLING-L1-1-0.DLL",2013-08-22 04:17:20,2013-08-22 04:17:20,2560,HA,0x0000AAC3,0x0000AAC3,x86,Console,"CV",0x10000000,Unknown,0x00003000,Not Loaded,6.3.9600.16384,6.3.9600.16384,6.3,11.0,6.3,6.3
,"API-MS-WIN-CORE-ERRORHANDLING-L1-1-1.DLL",2013-08-22 04:17:23,2013-08-22 04:17:22,3072,HA,0x0000577D,0x0000577D,x86,Console,"CV",0x10000000,Unknown,0x00003000,Not Loaded,6.3.9600.16384,6.3.9600.16384,6.3,11.0,6.3,6.3
,"API-MS-WIN-CORE-FIBERS-L1-1-1.DLL",2013-08-22 04:17:22,2013-08-22 04:17:22,2560,HA,0x000104C0,0x000104C0,x86,Console,"CV",0x10000000,Unknown,0x00003000,Not Loaded,6.3.9600.16384,6.3.9600.16384,6.3,11.0,6.3,6.3
D,"API-MS-WIN-CORE-FILE-L1-1-0.DLL",2013-08-22 04:17:23,2013-08-22 04:17:23,4608,HA,0x00006C05,0x00006C05,x86,Console,"CV",0x10000000,Unknown,0x00003000,Not Loaded,6.3.9600.16384,6.3.9600.16384,6.3,11.0,6.3,6.3
D,"API-MS-WIN-CORE-FILE-L1-2-0.DLL",2013-08-22 04:17:23,2013-08-22 04:17:23,4608,HA,0x0000EF84,0x0000EF84,x86,Console,"CV",0x10000000,Unknown,0x00003000,Not Loaded,6.3.9600.16384,6.3.9600.16384,6.3,11.0,6.3,6.3
,"API-MS-WIN-CORE-FILE-L1-2-1.DLL",2013-08-22 04:17:23,2013-08-22 04:17:23,4608,HA,0x00003C1A,0x00003C1A,x86,Console,"CV",0x10000000,Unknown,0x00003000,Not Loaded,6.3.9600.16384,6.3.9600.16384,6.3,11.0,6.3,6.3
D,"API-MS-WIN-CORE-FILE-L2-1-0.DLL",2013-08-22 04:17:37,2013-08-22 04:17:37,3072,HA,0x00008450,0x00008450,x86,Console,"CV",0x10000000,Unknown,0x00003000,Not Loaded,6.3.9600.16384,6.3.9600.16384,6.3,11.0,6.3,6.3
,"API-MS-WIN-CORE-FILE-L2-1-1.DLL",2013-08-22 04:17:36,2013-08-22 04:17:36,3072,HA,0x00010166,0x00010166,x86,Console,"CV",0x10000000,Unknown,0x00003000,Not Loaded,6.3.9600.16384,6.3.9600.16384,6.3,11.0,6.3,6.3
,"API-MS-WIN-CORE-HANDLE-L1-1-0.DLL",2013-08-22 04:17:23,2013-08-22 04:17:23,2560,HA,0x0000E8ED,0x0000E8ED,x86,Console,"CV",0x10000000,Unknown,0x00003000,Not Loaded,6.3.9600.16384,6.3.9600.16384,6.3,11.0,6.3,6.3
D,"API-MS-WIN-CORE-HEAP-L1-1-0.DLL",2013-08-22 04:17:23,2013-08-22 04:17:23,3072,HA,0x000021C1,0x000021C1,x86,Console,"CV",0x10000000,Unknown,0x00003000,Not Loaded,6.3.9600.16384,6.3.9600.16384,6.3,11.0,6.3,6.3
,"API-MS-WIN-CORE-HEAP-L1-2-0.DLL",2013-08-22 04:17:24,2013-08-22 04:17:24,3072,HA,0x0000EAF7,0x0000EAF7,x86,Console,"CV",0x10000000,Unknown,0x00003000,Not Loaded,6.3.9600.16384,6.3.9600.16384,6.3,11.0,6.3,6.3
,"API-MS-WIN-CORE-HEAP-OBSOLETE-L1-1-0.DLL",2013-08-22 04:17:19,2013-08-22 04:17:19,3584,HA,0x0000798B,0x0000798B,x86,Console,"CV",0x10000000,Unknown,0x00004000,Not Loaded,6.3.9600.16384,6.3.9600.16384,6.3,11.0,6.3,6.3
,"API-MS-WIN-CORE-INTERLOCKED-L1-2-0.DLL",2013-08-22 04:17:30,2013-08-22 04:17:30,3072,HA,0x0000713A,0x0000713A,x86,Console,"CV",0x10000000,Unknown,0x00003000,Not Loaded,6.3.9600.16384,6.3.9600.16384,6.3,11.0,6.3,6.3
D,"API-MS-WIN-CORE-IO-L1-1-0.DLL",2013-08-22 04:17:31,2013-08-22 04:17:31,2560,HA,0x0000FB43,0x0000FB43,x86,Console,"CV",0x10000000,Unknown,0x00003000,Not Loaded,6.3.9600.16384,6.3.9600.16384,6.3,11.0,6.3,6.3
,"API-MS-WIN-CORE-IO-L1-1-1.DLL",2013-08-22 04:17:24,2013-08-22 04:17:23,3072,HA,0x000045ED,0x000045ED,x86,Console,"CV",0x10000000,Unknown,0x00003000,Not Loaded,6.3.9600.16384,6.3.9600.16384,6.3,11.0,6.3,6.3
,"API-MS-WIN-CORE-JOB-L1-1-0.DLL",2013-08-22 04:17:20,2013-08-22 04:17:20,2560,HA,0x0000D490,0x0000D490,x86,Console,"CV",0x10000000,Unknown,0x00003000,Not Loaded,6.3.9600.16384,6.3.9600.16384,6.3,11.0,6.3,6.3
D,"API-MS-WIN-CORE-JOB-L2-1-0.DLL",2013-08-22 04:17:35,2013-08-22 04:17:35,2560,HA,0x0000C3E3,0x0000C3E3,x86,Console,"CV",0x10000000,Unknown,0x00003000,Not Loaded,6.3.9600.16384,6.3.9600.16384,6.3,11.0,6.3,6.3
D,"API-MS-WIN-CORE-KERNEL32-LEGACY-L1-1-0.DLL",2013-08-22 04:17:15,2013-08-22 04:17:15,4608,HA,0x00005A05,0x00005A05,x86,Console,"CV",0x10000000,Unknown,0x00004000,Not Loaded,6.3.9600.16384,6.3.9600.16384,6.3,11.0,6.3,6.3
,"API-MS-WIN-CORE-KERNEL32-LEGACY-L1-1-1.DLL",2013-08-22 04:17:18,2013-08-22 04:17:18,5120,HA,0x00006B5F,0x00006B5F,x86,Console,"CV",0x10000000,Unknown,0x00004000,Not Loaded,6.3.9600.16384,6.3.9600.16384,6.3,11.0,6.3,6.3
D,"API-MS-WIN-CORE-LIBRARYLOADER-L1-1-0.DLL",2013-08-22 04:17:27,2013-08-22 04:17:27,3584,HA,0x0000BD30,0x0000BD30,x86,Console,"CV",0x10000000,Unknown,0x00003000,Not Loaded,6.3.9600.16384,6.3.9600.16384,6.3,11.0,6.3,6.3
,"API-MS-WIN-CORE-LIBRARYLOADER-L1-2-0.DLL",2013-08-22 04:17:24,2013-08-22 04:17:24,3584,HA,0x0000D4F0,0x0000D4F0,x86,Console,"CV",0x10000000,Unknown,0x00003000,Not Loaded,6.3.9600.16384,6.3.9600.16384,6.3,11.0,6.3,6.3
D,"API-MS-WIN-CORE-LOCALIZATION-L1-2-0.DLL",2013-08-22 04:17:32,2013-08-22 04:17:32,4096,HA,0x00007D2A,0x00007D2A,x86,Console,"CV",0x10000000,Unknown,0x00003000,Not Loaded,6.3.9600.16384,6.3.9600.16384,6.3,11.0,6.3,6.3
,"API-MS-WIN-CORE-LOCALIZATION-L1-2-1.DLL",2013-08-22 04:17:24,2013-08-22 04:17:24,4096,HA,0x0000E093,0x0000E093,x86,Console,"CV",0x10000000,Unknown,0x00003000,Not Loaded,6.3.9600.16384,6.3.9600.16384,6.3,11.0,6.3,6.3
,"API-MS-WIN-CORE-LOCALIZATION-L2-1-0.DLL",2013-08-22 04:17:35,2013-08-22 04:17:35,3072,HA,0x00008FA6,0x00008FA6,x86,Console,"CV",0x10000000,Unknown,0x00003000,Not Loaded,6.3.9600.16384,6.3.9600.16384,6.3,11.0,6.3,6.3
,"API-MS-WIN-CORE-LOCALIZATION-OBSOLETE-L1-2-0.DLL",2013-08-22 04:17:27,2013-08-22 04:17:27,3072,HA,0x0000D48D,0x0000D48D,x86,Console,"CV",0x10000000,Unknown,0x00003000,Not Loaded,6.3.9600.16384,6.3.9600.16384,6.3,11.0,6.3,6.3
,"API-MS-WIN-CORE-LOCALIZATION-PRIVATE-L1-1-0.DLL",2013-08-22 04:17:24,2013-08-22 04:17:24,3072,HA,0x0000E6E5,0x0000E6E5,x86,Console,"CV",0x10000000,Unknown,0x00003000,Not Loaded,6.3.9600.16384,6.3.9600.16384,6.3,11.0,6.3,6.3
D,"API-MS-WIN-CORE-MEMORY-L1-1-0.DLL",2013-08-22 04:17:25,2013-08-22 04:17:25,3072,HA,0x00004D59,0x00004D59,x86,Console,"CV",0x10000000,Unknown,0x00003000,Not Loaded,6.3.9600.16384,6.3.9600.16384,6.3,11.0,6.3,6.3
,"API-MS-WIN-CORE-MEMORY-L1-1-2.DLL",2013-08-22 04:17:28,2013-08-22 04:17:28,3584,HA,0x0000CDFB,0x0000CDFB,x86,Console,"CV",0x10000000,Unknown,0x00003000,Not Loaded,6.3.9600.16384,6.3.9600.16384,6.3,11.0,6.3,6.3
,"API-MS-WIN-CORE-NAMEDPIPE-L1-2-0.DLL",2013-08-22 04:17:25,2013-08-22 04:17:25,3072,HA,0x00009B2C,0x00009B2C,x86,Console,"CV",0x10000000,Unknown,0x00003000,Not Loaded,6.3.9600.16384,6.3.9600.16384,6.3,11.0,6.3,6.3
,"API-MS-WIN-CORE-NAMESPACE-L1-1-0.DLL",2013-08-22 04:17:35,2013-08-22 04:17:35,2560,HA,0x00002953,0x00002953,x86,Console,"CV",0x10000000,Unknown,0x00003000,Not Loaded,6.3.9600.16384,6.3.9600.16384,6.3,11.0,6.3,6.3
,"API-MS-WIN-CORE-NORMALIZATION-L1-1-0.DLL",2013-08-22 04:17:35,2013-08-22 04:17:35,2560,HA,0x00005488,0x00005488,x86,Console,"CV",0x10000000,Unknown,0x00003000,Not Loaded,6.3.9600.16384,6.3.9600.16384,6.3,11.0,6.3,6.3
D,"API-MS-WIN-CORE-PATH-L1-1-0.DLL",2013-08-22 04:17:35,2013-08-22 04:17:35,3072,HA,0x00000DA0,0x00000DA0,x86,Console,"CV",0x10000000,Unknown,0x00003000,Not Loaded,6.3.9600.16384,6.3.9600.16384,6.3,11.0,6.3,6.3
D,"API-MS-WIN-CORE-PROCESSENVIRONMENT-L1-1-0.DLL",2013-08-22 04:17:15,2013-08-22 04:17:15,3584,HA,0x0000E9F5,0x0000E9F5,x86,Console,"CV",0x10000000,Unknown,0x00004000,Not Loaded,6.3.9600.16384,6.3.9600.16384,6.3,11.0,6.3,6.3
,"API-MS-WIN-CORE-PROCESSENVIRONMENT-L1-2-0.DLL",2013-08-22 04:17:15,2013-08-22 04:17:15,3584,HA,0x00010911,0x00010911,x86,Console,"CV",0x10000000,Unknown,0x00004000,Not Loaded,6.3.9600.16384,6.3.9600.16384,6.3,11.0,6.3,6.3
D,"API-MS-WIN-CORE-PROCESSSECURITY-L1-1-0.DLL",2013-08-22 04:17:15,2013-08-22 04:17:15,2560,HA,0x000080B8,0x000080B8,x86,Console,"CV",0x10000000,Unknown,0x00003000,Not Loaded,6.3.9600.16384,6.3.9600.16384,6.3,11.0,6.3,6.3
,"API-MS-WIN-CORE-PROCESSTHREADS-L1-1-0.DLL",2013-08-22 04:17:25,2013-08-22 04:17:25,4096,HA,0x000063C2,0x000063C2,x86,Console,"CV",0x10000000,Unknown,0x00003000,Not Loaded,6.3.9600.16384,6.3.9600.16384,6.3,11.0,6.3,6.3
,"API-MS-WIN-CORE-PROCESSTHREADS-L1-1-1.DLL",2013-08-22 04:17:29,2013-08-22 04:17:29,4608,HA,0x00010630,0x00010630,x86,Console,"CV",0x10000000,Unknown,0x00003000,Not Loaded,6.3.9600.16384,6.3.9600.16384,6.3,11.0,6.3,6.3
,"API-MS-WIN-CORE-PROCESSTHREADS-L1-1-2.DLL",2013-08-22 04:17:31,2013-08-22 04:17:31,4608,HA,0x00008162,0x00008162,x86,Console,"CV",0x10000000,Unknown,0x00003000,Not Loaded,6.3.9600.16384,6.3.9600.16384,6.3,11.0,6.3,6.3
,"API-MS-WIN-CORE-PROCESSTOPOLOGY-L1-2-0.DLL",2013-08-22 04:17:36,2013-08-22 04:17:36,2560,HA,0x00007CBC,0x00007CBC,x86,Console,"CV",0x10000000,Unknown,0x00003000,Not Loaded,6.3.9600.16384,6.3.9600.16384,6.3,11.0,6.3,6.3
D,"API-MS-WIN-CORE-PROCESSTOPOLOGY-OBSOLETE-L1-1-0.DLL",2013-08-22 04:17:36,2013-08-22 04:17:36,2560,HA,0x00008E3D,0x00008E3D,x86,Console,"CV",0x10000000,Unknown,0x00003000,Not Loaded,6.3.9600.16384,6.3.9600.16384,6.3,11.0,6.3,6.3
,"API-MS-WIN-CORE-PROFILE-L1-1-0.DLL",2013-08-22 04:17:26,2013-08-22 04:17:26,2560,HA,0x0000BD85,0x0000BD85,x86,Console,"CV",0x10000000,Unknown,0x00003000,Not Loaded,6.3.9600.16384,6.3.9600.16384,6.3,11.0,6.3,6.3
,"API-MS-WIN-CORE-PSAPI-ANSI-L1-1-0.DLL",2013-08-22 04:17:35,2013-08-22 04:17:35,2560,HA,0x00007944,0x00007944,x86,Console,"CV",0x10000000,Unknown,0x00003000,Not Loaded,6.3.9600.16384,6.3.9600.16384,6.3,11.0,6.3,6.3
,"API-MS-WIN-CORE-PSAPI-L1-1-0.DLL",2013-08-22 04:17:36,2013-08-22 04:17:36,3072,HA,0x0000CF3D,0x0000CF3D,x86,Console,"CV",0x10000000,Unknown,0x00003000,Not Loaded,6.3.9600.16384,6.3.9600.16384,6.3,11.0,6.3,6.3
,"API-MS-WIN-CORE-PSAPI-OBSOLETE-L1-1-0.DLL",2013-08-22 04:17:36,2013-08-22 04:17:36,2560,HA,0x0000C251,0x0000C251,x86,Console,"CV",0x10000000,Unknown,0x00003000,Not Loaded,6.3.9600.16384,6.3.9600.16384,6.3,11.0,6.3,6.3
D,"API-MS-WIN-CORE-PSM-APPNOTIFY-L1-1-0.DLL",2013-08-22 04:14:11,2013-08-22 04:14:11,2560,HA,0x0000F6E8,0x0000F6E8,x86,Console,"CV",0x10000000,Unknown,0x00003000,Not Loaded,6.3.9600.16384,6.3.9600.16384,6.3,11.0,6.3,6.3
,"API-MS-WIN-CORE-PSM-KEY-L1-1-0.DLL",2013-08-22 04:14:45,2013-08-22 04:14:45,3584,HA,0x00002092,0x00002092,x86,Console,"CV",0x10000000,Unknown,0x00004000,Not Loaded,6.3.9600.16384,6.3.9600.16384,6.3,11.0,6.3,6.3
,"API-MS-WIN-CORE-QUIRKS-L1-1-0.DLL",2013-08-22 04:17:14,2013-08-22 04:17:14,3072,HA,0x0000B6F3,0x0000B6F3,x86,Console,"CV",0x10000000,Unknown,0x00004000,Not Loaded,6.3.9600.16384,6.3.9600.16384,6.3,11.0,6.3,6.3
,"API-MS-WIN-CORE-REALTIME-L1-1-0.DLL",2013-08-22 04:17:29,2013-08-22 04:17:29,2560,HA,0x00006F45,0x00006F45,x86,Console,"CV",0x10000000,Unknown,0x00003000,Not Loaded,6.3.9600.16384,6.3.9600.16384,6.3,11.0,6.3,6.3
,"API-MS-WIN-CORE-REGISTRY-L1-1-0.DLL",2013-08-22 04:17:13,2013-08-22 04:17:13,3584,HA,0x00001A30,0x00001A30,x86,Console,"CV",0x10000000,Unknown,0x00003000,Not Loaded,6.3.9600.16384,6.3.9600.16384,6.3,11.0,6.3,6.3
D,"API-MS-WIN-CORE-REGISTRY-L2-1-0.DLL",2013-08-22 04:14:44,2013-08-22 04:14:44,4096,HA,0x000091F9,0x000091F9,x86,Console,"CV",0x10000000,Unknown,0x00004000,Not Loaded,6.3.9600.16384,6.3.9600.16384,6.3,11.0,6.3,6.3
D,"API-MS-WIN-CORE-REGISTRY-PRIVATE-L1-1-0.DLL",2013-08-22 04:14:44,2013-08-22 04:14:44,3072,HA,0x0000F56E,0x0000F56E,x86,Console,"CV",0x10000000,Unknown,0x00004000,Not Loaded,6.3.9600.16384,6.3.9600.16384,6.3,11.0,6.3,6.3
D,"API-MS-WIN-CORE-REGISTRYUSERSPECIFIC-L1-1-0.DLL",2013-08-22 04:17:35,2013-08-22 04:17:35,3072,HA,0x0000A6BA,0x0000A6BA,x86,Console,"CV",0x10000000,Unknown,0x00003000,Not Loaded,6.3.9600.16384,6.3.9600.16384,6.3,11.0,6.3,6.3
,"API-MS-WIN-CORE-RTLSUPPORT-L1-2-0.DLL",2013-08-22 04:17:38,2013-08-22 04:17:38,2560,HA,0x000030F5,0x000030F5,x86,Console,"CV",0x10000000,Unknown,0x00003000,Not Loaded,6.3.9600.16384,6.3.9600.16384,6.3,11.0,6.3,6.3
D,"API-MS-WIN-CORE-SHLWAPI-LEGACY-L1-1-0.DLL",2013-08-22 04:17:36,2013-08-22 04:17:36,5120,HA,0x00004083,0x00004083,x86,Console,"CV",0x10000000,Unknown,0x00003000,Not Loaded,6.3.9600.16384,6.3.9600.16384,6.3,11.0,6.3,6.3
D,"API-MS-WIN-CORE-SHLWAPI-OBSOLETE-L1-1-0.DLL",2013-08-22 04:17:36,2013-08-22 04:17:36,3584,HA,0x00010C3D,0x00010C3D,x86,Console,"CV",0x10000000,Unknown,0x00003000,Not Loaded,6.3.9600.16384,6.3.9600.16384,6.3,11.0,6.3,6.3
,"API-MS-WIN-CORE-SIDEBYSIDE-L1-1-0.DLL",2013-08-22 04:17:35,2013-08-22 04:17:35,3072,HA,0x0000BD36,0x0000BD36,x86,Console,"CV",0x10000000,Unknown,0x00003000,Not Loaded,6.3.9600.16384,6.3.9600.16384,6.3,11.0,6.3,6.3
,"API-MS-WIN-CORE-STRING-L1-1-0.DLL",2013-08-22 04:17:14,2013-08-22 04:17:14,2560,HA,0x0000B628,0x0000B628,x86,Console,"CV",0x10000000,Unknown,0x00003000,Not Loaded,6.3.9600.16384,6.3.9600.16384,6.3,11.0,6.3,6.3
,"API-MS-WIN-CORE-STRING-L2-1-0.DLL",2013-08-22 04:17:36,2013-08-22 04:17:36,2560,HA,0x0000315D,0x0000315D,x86,Console,"CV",0x10000000,Unknown,0x00003000,Not Loaded,6.3.9600.16384,6.3.9600.16384,6.3,11.0,6.3,6.3
,"API-MS-WIN-CORE-STRING-OBSOLETE-L1-1-0.DLL",2013-08-22 04:17:18,2013-08-22 04:17:18,3072,HA,0x0000CC97,0x0000CC97,x86,Console,"CV",0x10000000,Unknown,0x00004000,Not Loaded,6.3.9600.16384,6.3.9600.16384,6.3,11.0,6.3,6.3
,"API-MS-WIN-CORE-STRINGANSI-L1-1-0.DLL",2013-08-22 04:17:36,2013-08-22 04:17:36,3072,HA,0x00002778,0x00002778,x86,Console,"CV",0x10000000,Unknown,0x00003000,Not Loaded,6.3.9600.16384,6.3.9600.16384,6.3,11.0,6.3,6.3
E,"API-MS-WIN-CORE-SYNCH-L1-1-0.DLL",2013-08-22 04:17:34,2013-08-22 04:17:33,3584,HA,0x0000A1F2,0x0000A1F2,x86,Console,"CV",0x10000000,Unknown,0x00003000,Not Loaded,6.3.9600.16384,6.3.9600.16384,6.3,11.0,6.3,6.3
,"API-MS-WIN-CORE-SYNCH-L1-2-0.DLL",2013-08-22 04:17:34,2013-08-22 04:17:34,4096,HA,0x00005B38,0x00005B38,x86,Console,"CV",0x10000000,Unknown,0x00003000,Not Loaded,6.3.9600.16384,6.3.9600.16384,6.3,11.0,6.3,6.3
D,"API-MS-WIN-CORE-SYSINFO-L1-1-0.DLL",2013-08-22 04:17:34,2013-08-22 04:17:34,3584,HA,0x00008A4D,0x00008A4D,x86,Console,"CV",0x10000000,Unknown,0x00003000,Not Loaded,6.3.9600.16384,6.3.9600.16384,6.3,11.0,6.3,6.3
D,"API-MS-WIN-CORE-SYSINFO-L1-2-0.DLL",2013-08-22 04:17:34,2013-08-22 04:17:33,3584,HA,0x00004DCE,0x00004DCE,x86,Console,"CV",0x10000000,Unknown,0x00003000,Not Loaded,6.3.9600.16384,6.3.9600.16384,6.3,11.0,6.3,6.3
,"API-MS-WIN-CORE-SYSINFO-L1-2-1.DLL",2013-08-22 04:17:34,2013-08-22 04:17:34,3584,HA,0x00002200,0x00002200,x86,Console,"CV",0x10000000,Unknown,0x00003000,Not Loaded,6.3.9600.16384,6.3.9600.16384,6.3,11.0,6.3,6.3
,"API-MS-WIN-CORE-SYSTEMTOPOLOGY-L1-1-0.DLL",2013-08-22 04:17:35,2013-08-22 04:17:35,2560,HA,0x0000B88C,0x0000B88C,x86,Console,"CV",0x10000000,Unknown,0x00003000,Not Loaded,6.3.9600.16384,6.3.9600.16384,6.3,11.0,6.3,6.3
,"API-MS-WIN-CORE-THREADPOOL-L1-2-0.DLL",2013-08-22 04:17:34,2013-08-22 04:17:34,4096,HA,0x0000DACD,0x0000DACD,x86,Console,"CV",0x10000000,Unknown,0x00003000,Not Loaded,6.3.9600.16384,6.3.9600.16384,6.3,11.0,6.3,6.3
,"API-MS-WIN-CORE-THREADPOOL-LEGACY-L1-1-0.DLL",2013-08-22 04:17:33,2013-08-22 04:17:33,2560,HA,0x0000B942,0x0000B942,x86,Console,"CV",0x10000000,Unknown,0x00003000,Not Loaded,6.3.9600.16384,6.3.9600.16384,6.3,11.0,6.3,6.3
,"API-MS-WIN-CORE-THREADPOOL-PRIVATE-L1-1-0.DLL",2013-08-22 04:17:34,2013-08-22 04:17:34,2560,HA,0x00010710,0x00010710,x86,Console,"CV",0x10000000,Unknown,0x00003000,Not Loaded,6.3.9600.16384,6.3.9600.16384,6.3,11.0,6.3,6.3
,"API-MS-WIN-CORE-TIMEZONE-L1-1-0.DLL",2013-08-22 04:17:33,2013-08-22 04:17:33,3072,HA,0x00001A5F,0x00001A5F,x86,Console,"CV",0x10000000,Unknown,0x00003000,Not Loaded,6.3.9600.16384,6.3.9600.16384,6.3,11.0,6.3,6.3
D,"API-MS-WIN-CORE-URL-L1-1-0.DLL",2013-08-22 04:17:35,2013-08-22 04:17:35,3584,HA,0x0000F224,0x0000F224,x86,Console,"CV",0x10000000,Unknown,0x00003000,Not Loaded,6.3.9600.16384,6.3.9600.16384,6.3,11.0,6.3,6.3
,"API-MS-WIN-CORE-UTIL-L1-1-0.DLL",2013-08-22 04:17:33,2013-08-22 04:17:33,2560,HA,0x0000AF6C,0x0000AF6C,x86,Console,"CV",0x10000000,Unknown,0x00003000,Not Loaded,6.3.9600.16384,6.3.9600.16384,6.3,11.0,6.3,6.3
D,"API-MS-WIN-CORE-VERSION-L1-1-0.DLL",2013-08-22 04:17:36,2013-08-22 04:17:36,2560,HA,0x0000D1B7,0x0000D1B7,x86,Console,"CV",0x10000000,Unknown,0x00003000,Not Loaded,6.3.9600.16384,6.3.9600.16384,6.3,11.0,6.3,6.3
D,"API-MS-WIN-CORE-VERSION-PRIVATE-L1-1-0.DLL",2013-08-22 04:17:38,2013-08-22 04:17:38,2560,HA,0x0000BAA5,0x0000BAA5,x86,Console,"CV",0x10000000,Unknown,0x00003000,Not Loaded,6.3.9600.16384,6.3.9600.16384,6.3,11.0,6.3,6.3
D,"API-MS-WIN-CORE-VERSIONANSI-L1-1-0.DLL",2013-08-22 04:17:35,2013-08-22 04:17:35,2560,HA,0x00001097,0x00001097,x86,Console,"CV",0x10000000,Unknown,0x00003000,Not Loaded,6.3.9600.16384,6.3.9600.16384,6.3,11.0,6.3,6.3
,"API-MS-WIN-CORE-WINDOWSERRORREPORTING-L1-1-0.DLL",2013-08-22 04:17:35,2013-08-22 04:17:35,3072,HA,0x0000234E,0x0000234E,x86,Console,"CV",0x10000000,Unknown,0x00003000,Not Loaded,6.3.9600.16384,6.3.9600.16384,6.3,11.0,6.3,6.3
D,"API-MS-WIN-CORE-WINRT-ERROR-L1-1-0.DLL",2013-08-22 04:14:21,2013-08-22 04:14:21,3584,HA,0x0001035C,0x0001035C,x86,Console,"CV",0x10000000,Unknown,0x00004000,Not Loaded,6.3.9600.16384,6.3.9600.16384,6.3,11.0,6.3,6.3
,"API-MS-WIN-CORE-WINRT-ERROR-L1-1-1.DLL",2013-08-22 04:14:21,2013-08-22 04:14:21,3584,HA,0x0000108C,0x0000108C,x86,Console,"CV",0x10000000,Unknown,0x00004000,Not Loaded,6.3.9600.16384,6.3.9600.16384,6.3,11.0,6.3,6.3
D,"API-MS-WIN-CORE-WINRT-ERRORPRIVATE-L1-1-1.DLL",2013-08-22 04:14:21,2013-08-22 04:14:21,3072,HA,0x000022C0,0x000022C0,x86,Console,"CV",0x10000000,Unknown,0x00004000,Not Loaded,6.3.9600.16384,6.3.9600.16384,6.3,11.0,6.3,6.3
D,"API-MS-WIN-CORE-WINRT-L1-1-0.DLL",2013-08-22 04:14:21,2013-08-22 04:14:21,3584,HA,0x000107C4,0x000107C4,x86,Console,"CV",0x10000000,Unknown,0x00004000,Not Loaded,6.3.9600.16384,6.3.9600.16384,6.3,11.0,6.3,6.3
D,"API-MS-WIN-CORE-WINRT-PROPERTYSETPRIVATE-L1-1-0.DLL",2013-08-22 04:12:55,2013-08-22 04:12:54,3072,HA,0x0000E0D5,0x0000E0D5,x86,Console,"CV",0x10000000,Unknown,0x00004000,Not Loaded,6.3.9600.16384,6.3.9600.16384,6.3,11.0,6.3,6.3
D,"API-MS-WIN-CORE-WINRT-REGISTRATION-L1-1-0.DLL",2013-08-22 04:11:01,2013-08-22 04:11:00,3072,HA,0x000021E1,0x000021E1,x86,Console,"CV",0x10000000,Unknown,0x00004000,Not Loaded,6.3.9600.16384,6.3.9600.16384,6.3,11.0,6.3,6.3
D,"API-MS-WIN-CORE-WINRT-ROBUFFER-L1-1-0.DLL",2013-08-22 04:14:21,2013-08-22 04:14:21,3072,HA,0x00005571,0x00005571,x86,Console,"CV",0x10000000,Unknown,0x00004000,Not Loaded,6.3.9600.16384,6.3.9600.16384,6.3,11.0,6.3,6.3
,"API-MS-WIN-CORE-WINRT-STRING-L1-1-0.DLL",2013-08-22 04:14:21,2013-08-22 04:14:21,3584,HA,0x0000E0B7,0x0000E0B7,x86,Console,"CV",0x10000000,Unknown,0x00004000,Not Loaded,6.3.9600.16384,6.3.9600.16384,6.3,11.0,6.3,6.3
,"API-MS-WIN-CORE-WOW64-L1-1-0.DLL",2013-08-22 04:17:33,2013-08-22 04:17:33,2560,HA,0x0000E6CD,0x0000E6CD,x86,Console,"CV",0x10000000,Unknown,0x00003000,Not Loaded,6.3.9600.16384,6.3.9600.16384,6.3,11.0,6.3,6.3
,"API-MS-WIN-CORE-XSTATE-L2-1-0.DLL",2013-08-22 04:17:38,2013-08-22 04:17:38,2560,HA,0x0000F14E,0x0000F14E,x86,Console,"CV",0x10000000,Unknown,0x00003000,Not Loaded,6.3.9600.16384,6.3.9600.16384,6.3,11.0,6.3,6.3
D,"API-MS-WIN-DEVICES-CONFIG-L1-1-1.DLL",2013-08-22 04:14:45,2013-08-22 04:14:45,4608,HA,0x0000EDB0,0x0000EDB0,x86,Console,"CV",0x10000000,Unknown,0x00004000,Not Loaded,6.3.9600.16384,6.3.9600.16384,6.3,11.0,6.3,6.3
D,"API-MS-WIN-DEVICES-QUERY-L1-1-1.DLL",2013-08-22 04:17:38,2013-08-22 04:17:38,3072,HA,0x000070CA,0x000070CA,x86,Console,"CV",0x10000000,Unknown,0x00003000,Not Loaded,6.3.9600.16384,6.3.9600.16384,6.3,11.0,6.3,6.3
D,"API-MS-WIN-DOWNLEVEL-ADVAPI32-L1-1-0.DLL",2013-08-22 04:17:19,2013-08-22 04:17:19,6656,HA,0x000046C3,0x000046C3,x86,Console,"CV",0x10000000,Unknown,0x00004000,Not Loaded,6.3.9600.16384,6.3.9600.16384,6.3,11.0,6.3,6.3
D,"API-MS-WIN-DOWNLEVEL-ADVAPI32-L2-1-0.DLL",2013-08-22 04:14:14,2013-08-22 04:14:14,3584,HA,0x00005857,0x00005857,x86,Console,"CV",0x10000000,Unknown,0x00004000,Not Loaded,6.3.9600.16384,6.3.9600.16384,6.3,11.0,6.3,6.3
D,"API-MS-WIN-DOWNLEVEL-NORMALIZ-L1-1-0.DLL",2013-08-22 04:14:49,2013-08-22 04:14:49,2560,HA,0x00005245,0x00005245,x86,Console,"CV",0x10000000,Unknown,0x00003000,Not Loaded,6.3.9600.16384,6.3.9600.16384,6.3,11.0,6.3,6.3
D,"API-MS-WIN-DOWNLEVEL-OLE32-L1-1-0.DLL",2013-08-22 04:14:21,2013-08-22 04:14:21,4608,HA,0x00008748,0x00008748,x86,Console,"CV",0x10000000,Unknown,0x00004000,Not Loaded,6.3.9600.16384,6.3.9600.16384,6.3,11.0,6.3,6.3
D,"API-MS-WIN-DOWNLEVEL-SHELL32-L1-1-0.DLL",2013-08-22 04:14:20,2013-08-22 04:14:20,3072,HA,0x0000624F,0x0000624F,x86,Console,"CV",0x10000000,Unknown,0x00004000,Not Loaded,6.3.9600.16384,6.3.9600.16384,6.3,11.0,6.3,6.3
D,"API-MS-WIN-DOWNLEVEL-SHLWAPI-L1-1-0.DLL",2013-08-22 04:17:38,2013-08-22 04:17:38,6144,HA,0x00003F29,0x00003F29,x86,Console,"CV",0x10000000,Unknown,0x00003000,Not Loaded,6.3.9600.16384,6.3.9600.16384,6.3,11.0,6.3,6.3
D,"API-MS-WIN-DOWNLEVEL-SHLWAPI-L2-1-0.DLL",2013-08-22 04:14:21,2013-08-22 04:14:21,4608,HA,0x00002D4A,0x00002D4A,x86,Console,"CV",0x10000000,Unknown,0x00004000,Not Loaded,6.3.9600.16384,6.3.9600.16384,6.3,11.0,6.3,6.3
D,"API-MS-WIN-DOWNLEVEL-USER32-L1-1-0.DLL",2013-08-22 04:14:48,2013-08-22 04:14:48,3584,HA,0x0000AF14,0x0000AF14,x86,Console,"CV",0x10000000,Unknown,0x00004000,Not Loaded,6.3.9600.16384,6.3.9600.16384,6.3,11.0,6.3,6.3
D,"API-MS-WIN-DOWNLEVEL-VERSION-L1-1-0.DLL",2013-08-22 04:14:48,2013-08-22 04:14:48,2560,HA,0x0000CB06,0x0000CB06,x86,Console,"CV",0x10000000,Unknown,0x00003000,Not Loaded,6.3.9600.16384,6.3.9600.16384,6.3,11.0,6.3,6.3
D,"API-MS-WIN-DX-D3DKMT-L1-1-0.DLL",2013-08-22 04:14:48,2013-08-22 04:14:48,6656,HA,0x00006C7F,0x00006C7F,x86,Console,"CV",0x10000000,Unknown,0x00004000,Not Loaded,6.3.9600.16384,6.3.9600.16384,6.3,11.0,6.3,6.3
,"API-MS-WIN-EVENTING-CLASSICPROVIDER-L1-1-0.DLL",2013-08-22 04:17:18,2013-08-22 04:17:18,2560,HA,0x00006E74,0x00006E74,x86,Console,"CV",0x10000000,Unknown,0x00003000,Not Loaded,6.3.9600.16384,6.3.9600.16384,6.3,11.0,6.3,6.3
,"API-MS-WIN-EVENTING-CONSUMER-L1-1-0.DLL",2013-08-22 04:17:19,2013-08-22 04:17:19,2560,HA,0x00002C78,0x00002C78,x86,Console,"CV",0x10000000,Unknown,0x00003000,Not Loaded,6.3.9600.16384,6.3.9600.16384,6.3,11.0,6.3,6.3
,"API-MS-WIN-EVENTING-CONTROLLER-L1-1-0.DLL",2013-08-22 04:17:19,2013-08-22 04:17:19,3072,HA,0x000082C6,0x000082C6,x86,Console,"CV",0x10000000,Unknown,0x00003000,Not Loaded,6.3.9600.16384,6.3.9600.16384,6.3,11.0,6.3,6.3
D,"API-MS-WIN-EVENTING-LEGACY-L1-1-0.DLL",2013-08-22 04:17:18,2013-08-22 04:17:18,3072,HA,0x00009FCE,0x00009FCE,x86,Console,"CV",0x10000000,Unknown,0x00003000,Not Loaded,6.3.9600.16384,6.3.9600.16384,6.3,11.0,6.3,6.3
D,"API-MS-WIN-EVENTING-OBSOLETE-L1-1-0.DLL",2013-08-22 04:17:19,2013-08-22 04:17:19,2560,HA,0x00005422,0x00005422,x86,Console,"CV",0x10000000,Unknown,0x00003000,Not Loaded,6.3.9600.16384,6.3.9600.16384,6.3,11.0,6.3,6.3
,"API-MS-WIN-EVENTING-PROVIDER-L1-1-0.DLL",2013-08-22 04:17:36,2013-08-22 04:17:36,3072,HA,0x00001D2B,0x00001D2B,x86,Console,"CV",0x10000000,Unknown,0x00003000,Not Loaded,6.3.9600.16384,6.3.9600.16384,6.3,11.0,6.3,6.3
D,"API-MS-WIN-EVENTLOG-LEGACY-L1-1-0.DLL",2013-08-22 04:17:37,2013-08-22 04:17:37,2560,HA,0x0000A919,0x0000A919,x86,Console,"CV",0x10000000,Unknown,0x00003000,Not Loaded,6.3.9600.16384,6.3.9600.16384,6.3,11.0,6.3,6.3
D,"API-MS-WIN-GDI-DPIINFO-L1-1-0.DLL",2013-08-22 04:14:15,2013-08-22 04:14:15,3072,HA,0x000076B3,0x000076B3,x86,Console,"CV",0x10000000,Unknown,0x00004000,Not Loaded,6.3.9600.16384,6.3.9600.16384,6.3,11.0,6.3,6.3
D,"API-MS-WIN-MM-JOYSTICK-L1-1-0.DLL",2013-08-22 04:14:48,2013-08-22 04:14:48,3072,HA,0x0000D592,0x0000D592,x86,Console,"CV",0x10000000,Unknown,0x00004000,Not Loaded,6.3.9600.16384,6.3.9600.16384,6.3,11.0,6.3,6.3
D,"API-MS-WIN-MM-MISC-L1-1-1.DLL",2013-08-22 04:14:21,2013-08-22 04:14:21,3584,HA,0x0000869A,0x0000869A,x86,Console,"CV",0x10000000,Unknown,0x00004000,Not Loaded,6.3.9600.16384,6.3.9600.16384,6.3,11.0,6.3,6.3
D,"API-MS-WIN-MM-MISC-L2-1-0.DLL",2013-08-22 04:14:21,2013-08-22 04:14:21,3072,HA,0x000071E3,0x000071E3,x86,Console,"CV",0x10000000,Unknown,0x00004000,Not Loaded,6.3.9600.16384,6.3.9600.16384,6.3,11.0,6.3,6.3
D,"API-MS-WIN-MM-MME-L1-1-0.DLL",2013-08-22 04:14:48,2013-08-22 04:14:48,5632,HA,0x00010641,0x00010641,x86,Console,"CV",0x10000000,Unknown,0x00004000,Not Loaded,6.3.9600.16384,6.3.9600.16384,6.3,11.0,6.3,6.3
D,"API-MS-WIN-MM-TIME-L1-1-0.DLL",2013-08-22 04:14:48,2013-08-22 04:14:48,3072,HA,0x0000AB90,0x0000AB90,x86,Console,"CV",0x10000000,Unknown,0x00004000,Not Loaded,6.3.9600.16384,6.3.9600.16384,6.3,11.0,6.3,6.3
D,"API-MS-WIN-NTUSER-IE-MESSAGE-L1-1-0.DLL",2013-08-22 04:14:15,2013-08-22 04:14:15,3584,HA,0x000093D9,0x000093D9,x86,Console,"CV",0x10000000,Unknown,0x00004000,Not Loaded,6.3.9600.16384,6.3.9600.16384,6.3,11.0,6.3,6.3
D,"API-MS-WIN-POWER-BASE-L1-1-0.DLL",2013-08-22 04:17:15,2013-08-22 04:17:15,3072,HA,0x00007A58,0x00007A58,x86,Console,"CV",0x10000000,Unknown,0x00004000,Not Loaded,6.3.9600.16384,6.3.9600.16384,6.3,11.0,6.3,6.3
D,"API-MS-WIN-POWER-SETTING-L1-1-0.DLL",2013-08-22 04:17:15,2013-08-22 04:17:15,3584,HA,0x00002E06,0x00002E06,x86,Console,"CV",0x10000000,Unknown,0x00004000,Not Loaded,6.3.9600.16384,6.3.9600.16384,6.3,11.0,6.3,6.3
D,"API-MS-WIN-RTCORE-NTUSER-PRIVATE-L1-1-0.DLL",2013-08-22 04:14:16,2013-08-22 04:14:16,3584,HA,0x00007B34,0x00007B34,x86,Console,"CV",0x10000000,Unknown,0x00004000,Not Loaded,6.3.9600.16384,6.3.9600.16384,6.3,11.0,6.3,6.3
D,"API-MS-WIN-RTCORE-NTUSER-SYNCH-L1-1-0.DLL",2013-08-22 04:14:17,2013-08-22 04:14:17,3072,HA,0x0000C68E,0x0000C68E,x86,Console,"CV",0x10000000,Unknown,0x00004000,Not Loaded,6.3.9600.16384,6.3.9600.16384,6.3,11.0,6.3,6.3
D,"API-MS-WIN-RTCORE-NTUSER-WINDOW-L1-1-0.DLL",2013-08-22 04:14:17,2013-08-22 04:14:17,5120,HA,0x00009DDA,0x00009DDA,x86,Console,"CV",0x10000000,Unknown,0x00004000,Not Loaded,6.3.9600.16384,6.3.9600.16384,6.3,11.0,6.3,6.3
D,"API-MS-WIN-RTCORE-NTUSER-WINEVENT-L1-1-0.DLL",2013-08-22 04:14:19,2013-08-22 04:14:19,3072,HA,0x0000F807,0x0000F807,x86,Console,"CV",0x10000000,Unknown,0x00004000,Not Loaded,6.3.9600.16384,6.3.9600.16384,6.3,11.0,6.3,6.3
D,"API-MS-WIN-RTCORE-NTUSER-WMPOINTER-L1-1-0.DLL",2013-08-22 04:14:17,2013-08-22 04:14:17,4096,HA,0x0000C825,0x0000C825,x86,Console,"CV",0x10000000,Unknown,0x00004000,Not Loaded,6.3.9600.16384,6.3.9600.16384,6.3,11.0,6.3,6.3
D,"API-MS-WIN-SECURITY-ACTIVEDIRECTORYCLIENT-L1-1-0.DLL",2013-08-22 04:14:44,2013-08-22 04:14:44,3584,HA,0x0000E14E,0x0000E14E,x86,Console,"CV",0x10000000,Unknown,0x00004000,Not Loaded,6.3.9600.16384,6.3.9600.16384,6.3,11.0,6.3,6.3
,"API-MS-WIN-SECURITY-APPCONTAINER-L1-1-0.DLL",2013-08-22 04:17:14,2013-08-22 04:17:14,3072,HA,0x0000DFD8,0x0000DFD8,x86,Console,"CV",0x10000000,Unknown,0x00004000,Not Loaded,6.3.9600.16384,6.3.9600.16384,6.3,11.0,6.3,6.3
,"API-MS-WIN-SECURITY-AUDIT-L1-1-1.DLL",2013-08-22 04:14:06,2013-08-22 04:14:06,3584,HA,0x00004409,0x00004409,x86,Console,"CV",0x10000000,Unknown,0x00004000,Not Loaded,6.3.9600.16384,6.3.9600.16384,6.3,11.0,6.3,6.3
D,"API-MS-WIN-SECURITY-BASE-L1-1-0.DLL",2013-08-22 04:13:17,2013-08-22 04:13:17,5632,HA,0x0000D3F3,0x0000D3F3,x86,Console,"CV",0x10000000,Unknown,0x00003000,Not Loaded,6.3.9600.16384,6.3.9600.16384,6.3,11.0,6.3,6.3
,"API-MS-WIN-SECURITY-BASE-L1-2-0.DLL",2013-08-22 04:14:22,2013-08-22 04:14:22,5632,HA,0x00010828,0x00010828,x86,Console,"CV",0x10000000,Unknown,0x00003000,Not Loaded,6.3.9600.16384,6.3.9600.16384,6.3,11.0,6.3,6.3
,"API-MS-WIN-SECURITY-BASE-PRIVATE-L1-1-1.DLL",2013-08-22 04:13:33,2013-08-22 04:13:33,2560,HA,0x0000F9DE,0x0000F9DE,x86,Console,"CV",0x10000000,Unknown,0x00003000,Not Loaded,6.3.9600.16384,6.3.9600.16384,6.3,11.0,6.3,6.3
D,"API-MS-WIN-SECURITY-CREDENTIALS-L1-1-0.DLL",2013-08-22 04:14:05,2013-08-22 04:14:05,4096,HA,0x00007C3A,0x00007C3A,x86,Console,"CV",0x10000000,Unknown,0x00004000,Not Loaded,6.3.9600.16384,6.3.9600.16384,6.3,11.0,6.3,6.3
D,"API-MS-WIN-SECURITY-CREDENTIALS-L2-1-0.DLL",2013-08-22 04:14:05,2013-08-22 04:14:05,3584,HA,0x00006037,0x00006037,x86,Console,"CV",0x10000000,Unknown,0x00004000,Not Loaded,6.3.9600.16384,6.3.9600.16384,6.3,11.0,6.3,6.3
D,"API-MS-WIN-SECURITY-GROUPPOLICY-L1-1-0.DLL",2013-08-22 04:14:39,2013-08-22 04:14:39,4096,HA,0x00003BC4,0x00003BC4,x86,Console,"CV",0x10000000,Unknown,0x00004000,Not Loaded,6.3.9600.16384,6.3.9600.16384,6.3,11.0,6.3,6.3
,"API-MS-WIN-SECURITY-LSALOOKUP-L1-1-1.DLL",2013-08-22 04:14:05,2013-08-22 04:14:05,3072,HA,0x0000B3FB,0x0000B3FB,x86,Console,"CV",0x10000000,Unknown,0x00003000,Not Loaded,6.3.9600.16384,6.3.9600.16384,6.3,11.0,6.3,6.3
D,"API-MS-WIN-SECURITY-LSALOOKUP-L2-1-1.DLL",2013-08-22 04:14:02,2013-08-22 04:14:02,3072,HA,0x000044A8,0x000044A8,x86,Console,"CV",0x10000000,Unknown,0x00004000,Not Loaded,6.3.9600.16384,6.3.9600.16384,6.3,11.0,6.3,6.3
,"API-MS-WIN-SECURITY-LSAPOLICY-L1-1-0.DLL",2013-08-22 04:14:43,2013-08-22 04:14:43,3584,HA,0x0000BC36,0x0000BC36,x86,Console,"CV",0x10000000,Unknown,0x00004000,Not Loaded,6.3.9600.16384,6.3.9600.16384,6.3,11.0,6.3,6.3
D,"API-MS-WIN-SECURITY-PROVIDER-L1-1-0.DLL",2013-08-22 04:14:03,2013-08-22 04:14:03,3072,HA,0x00003100,0x00003100,x86,Console,"CV",0x10000000,Unknown,0x00004000,Not Loaded,6.3.9600.16384,6.3.9600.16384,6.3,11.0,6.3,6.3
,"API-MS-WIN-SECURITY-SDDL-L1-1-0.DLL",2013-08-22 04:14:05,2013-08-22 04:14:05,2560,HA,0x00006B10,0x00006B10,x86,Console,"CV",0x10000000,Unknown,0x00003000,Not Loaded,6.3.9600.16384,6.3.9600.16384,6.3,11.0,6.3,6.3
D,"API-MS-WIN-SECURITY-SDDLPARSECOND-L1-1-0.DLL",2013-08-22 04:14:05,2013-08-22 04:14:05,3072,HA,0x00005488,0x00005488,x86,Console,"CV",0x10000000,Unknown,0x00004000,Not Loaded,6.3.9600.16384,6.3.9600.16384,6.3,11.0,6.3,6.3
,"API-MS-WIN-SERVICE-CORE-L1-1-1.DLL",2013-08-22 04:13:33,2013-08-22 04:13:33,2560,HA,0x00005E17,0x00005E17,x86,Console,"CV",0x10000000,Unknown,0x00003000,Not Loaded,6.3.9600.16384,6.3.9600.16384,6.3,11.0,6.3,6.3
,"API-MS-WIN-SERVICE-MANAGEMENT-L1-1-0.DLL",2013-08-22 04:13:33,2013-08-22 04:13:33,2560,HA,0x000106FA,0x000106FA,x86,Console,"CV",0x10000000,Unknown,0x00003000,Not Loaded,6.3.9600.16384,6.3.9600.16384,6.3,11.0,6.3,6.3
,"API-MS-WIN-SERVICE-MANAGEMENT-L2-1-0.DLL",2013-08-22 04:13:32,2013-08-22 04:13:32,3072,HA,0x000105B9,0x000105B9,x86,Console,"CV",0x10000000,Unknown,0x00003000,Not Loaded,6.3.9600.16384,6.3.9600.16384,6.3,11.0,6.3,6.3
,"API-MS-WIN-SERVICE-PRIVATE-L1-1-0.DLL",2013-08-22 04:13:20,2013-08-22 04:13:20,3072,HA,0x00003DD4,0x00003DD4,x86,Console,"CV",0x10000000,Unknown,0x00003000,Not Loaded,6.3.9600.16384,6.3.9600.16384,6.3,11.0,6.3,6.3
D,"API-MS-WIN-SERVICE-WINSVC-L1-1-0.DLL",2013-08-22 04:13:22,2013-08-22 04:13:22,3584,HA,0x00004F5C,0x00004F5C,x86,Console,"CV",0x10000000,Unknown,0x00003000,Not Loaded,6.3.9600.16384,6.3.9600.16384,6.3,11.0,6.3,6.3
,"API-MS-WIN-SERVICE-WINSVC-L1-2-0.DLL",2013-08-22 04:13:33,2013-08-22 04:13:33,3072,HA,0x0000E61C,0x0000E61C,x86,Console,"CV",0x10000000,Unknown,0x00003000,Not Loaded,6.3.9600.16384,6.3.9600.16384,6.3,11.0,6.3,6.3
D,"API-MS-WIN-SHCORE-COMHELPERS-L1-1-0.DLL",2013-08-22 04:14:20,2013-08-22 04:14:20,3072,HA,0x000019BE,0x000019BE,x86,Console,"CV",0x10000000,Unknown,0x00004000,Not Loaded,6.3.9600.16384,6.3.9600.16384,6.3,11.0,6.3,6.3
D,"API-MS-WIN-SHCORE-OBSOLETE-L1-1-0.DLL",2013-08-22 04:14:20,2013-08-22 04:14:20,3072,HA,0x00005F57,0x00005F57,x86,Console,"CV",0x10000000,Unknown,0x00004000,Not Loaded,6.3.9600.16384,6.3.9600.16384,6.3,11.0,6.3,6.3
D,"API-MS-WIN-SHCORE-REGISTRY-L1-1-1.DLL",2013-08-22 04:14:20,2013-08-22 04:14:20,3584,HA,0x0000BA96,0x0000BA96,x86,Console,"CV",0x10000000,Unknown,0x00004000,Not Loaded,6.3.9600.16384,6.3.9600.16384,6.3,11.0,6.3,6.3
D,"API-MS-WIN-SHCORE-SCALING-L1-1-1.DLL",2013-08-22 04:14:20,2013-08-22 04:14:20,3584,HA,0x00000FDF,0x00000FDF,x86,Console,"CV",0x10000000,Unknown,0x00004000,Not Loaded,6.3.9600.16384,6.3.9600.16384,6.3,11.0,6.3,6.3
D,"API-MS-WIN-SHCORE-STREAM-L1-1-0.DLL",2013-08-22 04:14:20,2013-08-22 04:14:20,3584,HA,0x00007B08,0x00007B08,x86,Console,"CV",0x10000000,Unknown,0x00004000,Not Loaded,6.3.9600.16384,6.3.9600.16384,6.3,11.0,6.3,6.3
D,"API-MS-WIN-SHCORE-STREAM-WINRT-L1-1-0.DLL",2013-08-22 04:14:20,2013-08-22 04:14:20,3072,HA,0x0000A6DB,0x0000A6DB,x86,Console,"CV",0x10000000,Unknown,0x00004000,Not Loaded,6.3.9600.16384,6.3.9600.16384,6.3,11.0,6.3,6.3
D,"API-MS-WIN-SHCORE-SYSINFO-L1-1-0.DLL",2013-08-22 04:14:20,2013-08-22 04:14:20,3072,HA,0x0000F5EC,0x0000F5EC,x86,Console,"CV",0x10000000,Unknown,0x00004000,Not Loaded,6.3.9600.16384,6.3.9600.16384,6.3,11.0,6.3,6.3
D,"API-MS-WIN-SHCORE-THREAD-L1-1-0.DLL",2013-08-22 04:14:20,2013-08-22 04:14:20,3072,HA,0x00004B65,0x00004B65,x86,Console,"CV",0x10000000,Unknown,0x00004000,Not Loaded,6.3.9600.16384,6.3.9600.16384,6.3,11.0,6.3,6.3
D,"API-MS-WIN-SHCORE-UNICODEANSI-L1-1-0.DLL",2013-08-22 04:14:20,2013-08-22 04:14:20,3072,HA,0x00003D5E,0x00003D5E,x86,Console,"CV",0x10000000,Unknown,0x00004000,Not Loaded,6.3.9600.16384,6.3.9600.16384,6.3,11.0,6.3,6.3
D,"API-MS-WIN-SHELL-SHELLCOM-L1-1-0.DLL",2013-08-22 04:14:41,2013-08-22 04:14:41,3072,HA,0x00008030,0x00008030,x86,Console,"CV",0x10000000,Unknown,0x00004000,Not Loaded,6.3.9600.16384,6.3.9600.16384,6.3,11.0,6.3,6.3
D,"API-MS-WIN-SHELL-SHELLFOLDERS-L1-1-0.DLL",2013-08-22 04:14:41,2013-08-22 04:14:41,3584,HA,0x00008A8E,0x00008A8E,x86,Console,"CV",0x10000000,Unknown,0x00004000,Not Loaded,6.3.9600.16384,6.3.9600.16384,6.3,11.0,6.3,6.3
D,"APPREPAPI.DLL",2013-08-22 03:19:50,2013-08-22 03:19:49,136192,A,0x00026916,0x00026916,x86,Console,"CV",0x10000000,Unknown,0x00025000,Not Loaded,6.3.9600.16384,6.3.9600.16384,6.3,11.0,6.3,6.3
D,"AUTHZ.DLL",2014-02-22 09:28:36,2014-02-22 09:28:34,176128,A,0x00033BD4,0x00033BD4,x86,Console,"CV",0x10000000,Unknown,0x0002F000,Not Loaded,6.3.9600.17031,6.3.9600.17031,6.3,11.0,6.3,6.3
D,"BCP47LANGS.DLL",2013-08-22 02:52:09,2013-08-22 02:52:08,276992,A,0x00048131,0x00048131,x86,Console,"CV",0x10000000,Unknown,0x00047000,Not Loaded,6.3.9600.16384,6.3.9600.16384,6.3,11.0,6.3,6.3
D,"BCRYPT.DLL",2014-02-22 09:30:13,2014-02-22 09:30:13,109056,A,0x0001D380,0x0001D380,x86,Console,"CV",0x10000000,Unknown,0x0001D000,Not Loaded,6.3.9600.17031,6.3.9600.17031,6.3,11.0,6.3,6.3
,"BCRYPTPRIMITIVES.DLL",2014-05-10 08:46:45,2014-05-10 03:57:49,335680,A,0x0005D876,0x0005D876,x86,Console,"CV",0x10000000,Unknown,0x00052000,Not Loaded,6.3.9600.17120,6.3.9600.17120,6.3,11.0,6.3,6.3
D,"BROWCLI.DLL",2013-08-22 02:53:19,2013-08-22 02:53:18,44032,A,0x000117A1,0x000117A1,x86,Console,"CV",0x10000000,Unknown,0x0000E000,Not Loaded,6.3.9600.16384,6.3.9600.16384,6.3,11.0,6.3,6.3
D,"CABINET.DLL",2013-08-22 05:31:41,2013-08-22 02:53:49,115152,A,0x000247AE,0x000247AE,x86,GUI,"CV",0x10000000,Unknown,0x0001E000,Not Loaded,6.3.9600.16384,6.3.9600.16384,6.3,11.0,6.3,6.3
D,"CERTCA.DLL",2013-08-22 02:29:13,2013-08-22 02:29:13,843776,A,0x000D63FA,0x000D63FA,x86,Console,"CV",0x10000000,Unknown,0x000D2000,Not Loaded,6.3.9600.16384,6.3.9600.16384,6.3,11.0,6.3,6.3
D,"CFGMGR32.DLL",2013-08-22 05:31:40,2013-08-22 02:55:18,237032,A,0x00045483,0x00045483,x86,Console,"CV",0x10000000,Unknown,0x0003A000,Not Loaded,6.3.9600.16384,6.3.9600.16384,6.3,11.0,6.3,6.3
D,"CHARTV.DLL",2013-08-22 03:58:08,2013-08-22 03:58:08,102912,A,0x000242AD,0x000242AD,x86,Console,"CV",0x10000000,Unknown,0x0001B000,Not Loaded,6.3.9600.16384,6.3.9600.16384,6.3,11.0,6.3,6.3
,"COMBASE.DLL",2014-02-22 14:38:06,2014-02-22 09:27:24,1374384,A,0x0015BAE6,0x0015BAE6,x86,Console,"CV",0x10000000,Unknown,0x0014E000,Not Loaded,6.3.9600.17031,6.3.9600.17031,6.3,11.0,6.3,6.3
D,"CREDUI.DLL",2013-08-22 03:26:03,2013-08-22 03:26:02,136192,A,0x0002A2CA,0x0002A2CA,x86,Console,"CV",0x10000000,Unknown,0x00026000,Not Loaded,6.3.9600.16384,6.3.9600.16384,6.3,11.0,6.3,6.3
,"CRYPTBASE.DLL",2013-08-22 05:17:54,2013-08-22 04:08:35,30472,A,0x000115AB,0x000115AB,x86,Console,"CV",0x10000000,Unknown,0x00009000,Not Loaded,6.3.9600.16384,6.3.9600.16384,6.3,11.0,6.3,6.3
D,"CRYPTSP.DLL",2013-08-22 05:29:26,2013-08-22 02:55:55,95008,A,0x0001B3C0,0x0001B3C0,x86,Console,"CV",0x10000000,Unknown,0x00018000,Not Loaded,6.3.9600.16384,6.3.9600.16384,6.3,11.0,6.3,6.3
D,"CSCAPI.DLL",2013-08-22 02:52:25,2013-08-22 02:52:24,38912,A,0x00009A13,0x00009A13,x86,Console,"CV",0x10000000,Unknown,0x0000D000,Not Loaded,6.3.9600.16384,6.3.9600.16384,6.3,11.0,6.3,6.3
D,"D2D1.DLL",2013-11-21 05:44:50,2013-11-21 05:44:24,3936256,A,0x003C5583,0x003C5583,x86,GUI,"CV",0x10000000,Unknown,0x003C5000,Not Loaded,6.3.9600.16473,6.3.9600.16473,6.3,11.0,6.3,6.3
D,"D3D11.DLL",2014-03-06 11:13:13,2014-03-06 06:17:38,1779800,A,0x001BC815,0x001BC815,x86,Console,"CV",0x10000000,Unknown,0x001AF000,Not Loaded,6.3.9600.17041,6.3.9600.17041,6.3,11.0,6.3,6.3
D,"DAVHLPR.DLL",2013-08-22 04:06:30,2013-08-22 04:06:30,21504,A,0x00012F2B,0x00012F2B,x86,GUI,"CV",0x10000000,Unknown,0x00009000,Not Loaded,6.3.9600.16384,6.3.9600.16384,6.3,11.0,6.3,6.3
D,"DCOMP.DLL",2014-03-08 06:31:32,2014-03-08 06:31:30,222720,A,0x00038D1D,0x00038D1D,x86,GUI,"CV",0x10000000,Unknown,0x0003B000,Not Loaded,6.3.9600.17042,6.3.9600.17042,6.3,11.0,6.3,6.3
D,"DEVOBJ.DLL",2013-08-22 05:31:41,2013-08-22 02:50:48,123416,A,0x000286FB,0x000286FB,x86,Console,"CV",0x10000000,Unknown,0x0001F000,Not Loaded,6.3.9600.16384,6.3.9600.16384,6.3,11.0,6.3,6.3
D,"DEVRTL.DLL",2013-08-22 02:53:47,2013-08-22 02:53:47,49152,A,0x0001B6A9,0x0001B6A9,x86,Console,"CV",0x10000000,Unknown,0x0000F000,Not Loaded,6.3.9600.16384,6.3.9600.16384,6.3,11.0,6.3,6.3
D,"DFSCLI.DLL",2013-08-22 02:54:42,2013-08-22 02:54:42,41984,A,0x0000EB50,0x0000EB50,x86,Console,"CV",0x10000000,Unknown,0x0000D000,Not Loaded,6.3.9600.16384,6.3.9600.16384,6.3,11.0,6.3,6.3
D,"DHCPCSVC6.DLL",2014-04-30 03:46:18,2014-04-30 03:46:18,56320,A,0x0001AB62,0x0001AB62,x86,Console,"CV",0x10000000,Unknown,0x00012000,Not Loaded,6.3.9600.17111,6.3.9600.17111,6.3,11.0,6.3,6.3
D,"DPAPI.DLL",2013-08-22 02:55:43,2013-08-22 02:55:43,12288,A,0x0000BC0E,0x0000BC0E,x86,Console,"CV",0x10000000,Unknown,0x00007000,Not Loaded,6.3.9600.16384,6.3.9600.16384,6.3,11.0,6.3,6.3
D,"DRVSTORE.DLL",2013-08-22 02:51:30,2013-08-22 02:51:27,599040,A,0x000981AD,0x000981AD,x86,Console,"CV",0x10000000,Unknown,0x00097000,Not Loaded,6.3.9600.16384,6.3.9600.16384,6.3,11.0,6.3,6.0
D,"DSPARSE.DLL",2013-08-22 02:53:39,2013-08-22 02:53:39,22528,A,0x0000EA9E,0x0000EA9E,x86,Console,"CV",0x10000000,Unknown,0x00009000,Not Loaded,6.3.9600.16384,6.3.9600.16384,6.3,11.0,6.3,6.3
D,"DSROLE.DLL",2013-08-22 05:29:25,2013-08-22 02:54:42,20664,A,0x00010BCF,0x00010BCF,x86,Console,"CV",0x10000000,Unknown,0x00007000,Not Loaded,6.3.9600.16384,6.3.9600.16384,6.3,11.0,6.3,6.3
D,"DUI70.DLL",2014-02-22 09:00:32,2014-02-22 09:00:15,1341440,A,0x001508D5,0x001508D5,x86,GUI,"CV",0x10000000,Unknown,0x0014B000,Not Loaded,6.3.9600.17031,6.3.9600.17031,6.3,11.0,6.3,6.3
D,"DUSER.DLL",2013-08-22 02:29:37,2013-08-22 02:29:34,471552,A,0x00076C91,0x00076C91,x86,GUI,"CV",0x10000000,Unknown,0x00076000,Not Loaded,6.3.9600.16384,6.3.9600.16384,6.3,11.0,6.3,6.3
D,"DWMAPI.DLL",2014-07-24 13:50:07,2014-07-24 08:38:29,98048,A,0x0001E288,0x0001E288,x86,GUI,"CV",0x10000000,Unknown,0x00018000,Not Loaded,6.3.9600.17238,6.3.9600.17238,6.3,11.0,6.3,6.3
D,"DWRITE.DLL",2014-04-30 03:47:50,2014-04-30 03:47:41,1509888,A,0x0017720C,0x0017720C,x86,Console,"CV",0x10000000,Unknown,0x00175000,Not Loaded,6.3.9600.17111,6.3.9600.17111,6.3,11.0,6.3,6.3
D,"DXGI.DLL",2014-06-13 00:10:45,2014-06-07 08:38:41,406400,A,0x0006B7F2,0x0006B7F2,x86,Console,"CV",0x10000000,Unknown,0x00062000,Not Loaded,6.3.9600.17201,6.3.9600.17201,6.3,11.0,6.3,6.3
D,"EAPPCFG.DLL",2013-09-12 07:01:28,2013-09-12 07:01:28,272896,A,0x000441DC,0x000441DC,x86,Console,"CV",0x10000000,Unknown,0x00047000,Not Loaded,6.3.9600.16402,6.3.9600.16402,6.3,11.0,6.3,6.3
D,"EAPPPRXY.DLL",2013-08-22 02:45:24,2013-08-22 02:45:24,56320,A,0x0000F249,0x0000F249,x86,Console,"CV",0x10000000,Unknown,0x00011000,Not Loaded,6.3.9600.16384,6.3.9600.16384,6.3,11.0,6.3,6.3
D,"EFSUTIL.DLL",2013-08-22 04:05:38,2013-08-22 04:05:38,27136,A,0x00013BDB,0x00013BDB,x86,Console,"CV",0x10000000,Unknown,0x0000A000,Not Loaded,6.3.9600.16384,6.3.9600.16384,6.3,11.0,6.3,6.3
D,"ELSCORE.DLL",2013-08-22 02:46:53,2013-08-22 02:46:52,50176,A,0x00015CC5,0x00015CC5,x86,GUI,"CV",0x10000000,Unknown,0x00010000,Not Loaded,6.3.9600.16384,6.3.9600.16384,6.3,11.0,6.3,6.3
D,"ESENT.DLL",2013-08-22 02:56:01,2013-08-22 02:55:50,2378752,A,0x002495FB,0x002495FB,x86,Console,"CV",0x10000000,Unknown,0x0024A000,Not Loaded,6.3.9600.16384,6.3.9600.16384,6.3,11.0,6.3,6.3
D,"EXT-MS-WIN-ADVAPI32-EVENTINGCONTROLLER-L1-1-0.DLL",2013-08-22 04:14:05,2013-08-22 04:14:05,3072,HA,0x00001049,0x00001049,x86,Console,"CV",0x10000000,Unknown,0x00004000,Not Loaded,6.3.9600.16384,6.3.9600.16384,6.3,11.0,6.3,6.3
D,"EXT-MS-WIN-ADVAPI32-MSI-L1-1-0.DLL",2013-08-22 04:13:51,2013-08-22 04:13:51,3072,HA,0x0000EB83,0x0000EB83,x86,Console,"CV",0x10000000,Unknown,0x00004000,Not Loaded,6.3.9600.16384,6.3.9600.16384,6.3,11.0,6.3,6.3
D,"EXT-MS-WIN-ADVAPI32-NTMARTA-L1-1-0.DLL",2013-08-22 04:13:39,2013-08-22 04:13:39,3072,HA,0x000075E9,0x000075E9,x86,Console,"CV",0x10000000,Unknown,0x00004000,Not Loaded,6.3.9600.16384,6.3.9600.16384,6.3,11.0,6.3,6.3
DE,"EXT-MS-WIN-ADVAPI32-PSM-APP-L1-1-0.DLL",2013-08-22 04:13:39,2013-08-22 04:13:39,3072,HA,0x000075E9,0x000075E9,x86,Console,"CV",0x10000000,Unknown,0x00004000,Not Loaded,6.3.9600.16384,6.3.9600.16384,6.3,11.0,6.3,6.3
D,"EXT-MS-WIN-ADVAPI32-REGISTRY-L1-1-0.DLL",2013-08-22 04:13:30,2013-08-22 04:13:30,3584,HA,0x00008630,0x00008630,x86,Console,"CV",0x10000000,Unknown,0x00004000,Not Loaded,6.3.9600.16384,6.3.9600.16384,6.3,11.0,6.3,6.3
D,"EXT-MS-WIN-ADVAPI32-SAFER-L1-1-0.DLL",2013-08-22 04:13:40,2013-08-22 04:13:40,3072,HA,0x000064B0,0x000064B0,x86,Console,"CV",0x10000000,Unknown,0x00004000,Not Loaded,6.3.9600.16384,6.3.9600.16384,6.3,11.0,6.3,6.3
D,"EXT-MS-WIN-APPXDEPLOYMENTCLIENT-APPXDEPLOY-L1-1-0.DLL",2013-08-22 04:13:56,2013-08-22 04:13:55,3072,HA,0x00010BF0,0x00010BF0,x86,Console,"CV",0x10000000,Unknown,0x00004000,Not Loaded,6.3.9600.16384,6.3.9600.16384,6.3,11.0,6.3,6.3
D,"EXT-MS-WIN-AUTHZ-CONTEXT-L1-1-0.DLL",2013-08-22 04:14:05,2013-08-22 04:14:05,3584,HA,0x00005068,0x00005068,x86,Console,"CV",0x10000000,Unknown,0x00004000,Not Loaded,6.3.9600.16384,6.3.9600.16384,6.3,11.0,6.3,6.3
D,"EXT-MS-WIN-AUTHZ-REMOTE-L1-1-0.DLL",2013-08-22 04:13:40,2013-08-22 04:13:40,3584,HA,0x00007E85,0x00007E85,x86,Console,"CV",0x10000000,Unknown,0x00004000,Not Loaded,6.3.9600.16384,6.3.9600.16384,6.3,11.0,6.3,6.3
D,"EXT-MS-WIN-COM-CLBCATQ-L1-1-0.DLL",2013-08-22 04:13:34,2013-08-22 04:13:34,3072,HA,0x000063CF,0x000063CF,x86,Console,"CV",0x10000000,Unknown,0x00004000,Not Loaded,6.3.9600.16384,6.3.9600.16384,6.3,11.0,6.3,6.3
D,"EXT-MS-WIN-COM-OLE32-L1-1-1.DLL",2013-08-22 04:14:01,2013-08-22 04:14:01,4096,HA,0x00003321,0x00003321,x86,Console,"CV",0x10000000,Unknown,0x00004000,Not Loaded,6.3.9600.16384,6.3.9600.16384,6.3,11.0,6.3,6.3
D,"EXT-MS-WIN-COM-PSMREGISTER-L1-1-0.DLL",2013-08-22 04:13:55,2013-08-22 04:13:55,3072,HA,0x000023C9,0x000023C9,x86,Console,"CV",0x10000000,Unknown,0x00004000,Not Loaded,6.3.9600.16384,6.3.9600.16384,6.3,11.0,6.3,6.3
D,"EXT-MS-WIN-DOMAINJOIN-NETJOIN-L1-1-0.DLL",2013-08-22 04:13:40,2013-08-22 04:13:40,4096,HA,0x0000EE40,0x0000EE40,x86,Console,"CV",0x10000000,Unknown,0x00004000,Not Loaded,6.3.9600.16384,6.3.9600.16384,6.3,11.0,6.3,6.3
D,"EXT-MS-WIN-FIREWALLAPI-WEBPROXY-L1-1-0.DLL",2013-08-22 04:13:23,2013-08-22 04:13:23,3584,HA,0x00008475,0x00008475,x86,Console,"CV",0x10000000,Unknown,0x00004000,Not Loaded,6.3.9600.16384,6.3.9600.16384,6.3,11.0,6.3,6.3
D,"EXT-MS-WIN-GDI-DC-CREATE-L1-1-1.DLL",2013-08-22 04:14:01,2013-08-22 04:14:01,3072,HA,0x00000CDB,0x00000CDB,x86,Console,"CV",0x10000000,Unknown,0x00004000,Not Loaded,6.3.9600.16384,6.3.9600.16384,6.3,11.0,6.3,6.3
D,"EXT-MS-WIN-GDI-DC-L1-2-0.DLL",2013-08-22 04:13:38,2013-08-22 04:13:38,3584,HA,0x0000DEF3,0x0000DEF3,x86,Console,"CV",0x10000000,Unknown,0x00004000,Not Loaded,6.3.9600.16384,6.3.9600.16384,6.3,11.0,6.3,6.3
D,"EXT-MS-WIN-GDI-DRAW-L1-1-1.DLL",2013-08-22 04:14:00,2013-08-22 04:14:00,4096,HA,0x0000476A,0x0000476A,x86,Console,"CV",0x10000000,Unknown,0x00004000,Not Loaded,6.3.9600.16384,6.3.9600.16384,6.3,11.0,6.3,6.3
D,"EXT-MS-WIN-GDI-FONT-L1-1-1.DLL",2013-08-22 04:14:00,2013-08-22 04:14:00,4096,HA,0x0000309C,0x0000309C,x86,Console,"CV",0x10000000,Unknown,0x00004000,Not Loaded,6.3.9600.16384,6.3.9600.16384,6.3,11.0,6.3,6.3
D,"EXT-MS-WIN-GDI-METAFILE-L1-1-1.DLL",2013-08-22 04:14:00,2013-08-22 04:14:00,3584,HA,0x00006AA3,0x00006AA3,x86,Console,"CV",0x10000000,Unknown,0x00004000,Not Loaded,6.3.9600.16384,6.3.9600.16384,6.3,11.0,6.3,6.3
D,"EXT-MS-WIN-GDI-PATH-L1-1-0.DLL",2013-08-22 04:13:38,2013-08-22 04:13:38,3072,HA,0x0000DFC4,0x0000DFC4,x86,Console,"CV",0x10000000,Unknown,0x00004000,Not Loaded,6.3.9600.16384,6.3.9600.16384,6.3,11.0,6.3,6.3
D,"EXT-MS-WIN-GDI-RENDER-L1-1-0.DLL",2013-08-22 04:13:39,2013-08-22 04:13:39,3072,HA,0x00007BC2,0x00007BC2,x86,Console,"CV",0x10000000,Unknown,0x00004000,Not Loaded,6.3.9600.16384,6.3.9600.16384,6.3,11.0,6.3,6.3
D,"EXT-MS-WIN-GPAPI-GROUPPOLICY-L1-1-0.DLL",2013-08-22 04:13:03,2013-08-22 04:13:03,4096,HA,0x000027B0,0x000027B0,x86,Console,"CV",0x10000000,Unknown,0x00004000,Not Loaded,6.3.9600.16384,6.3.9600.16384,6.3,11.0,6.3,6.3
D,"EXT-MS-WIN-KERNEL32-APPCOMPAT-L1-1-0.DLL",2013-08-22 04:13:35,2013-08-22 04:13:35,3584,HA,0x000069BB,0x000069BB,x86,Console,"CV",0x10000000,Unknown,0x00004000,Not Loaded,6.3.9600.16384,6.3.9600.16384,6.3,11.0,6.3,6.3
D,"EXT-MS-WIN-KERNEL32-DATETIME-L1-1-0.DLL",2013-08-22 04:13:29,2013-08-22 04:13:29,3072,HA,0x00005178,0x00005178,x86,Console,"CV",0x10000000,Unknown,0x00004000,Not Loaded,6.3.9600.16384,6.3.9600.16384,6.3,11.0,6.3,6.3
D,"EXT-MS-WIN-KERNEL32-ERRORHANDLING-L1-1-0.DLL",2013-08-22 04:13:30,2013-08-22 04:13:29,3072,HA,0x0000AAA3,0x0000AAA3,x86,Console,"CV",0x10000000,Unknown,0x00004000,Not Loaded,6.3.9600.16384,6.3.9600.16384,6.3,11.0,6.3,6.3
D,"EXT-MS-WIN-KERNEL32-FILE-L1-1-0.DLL",2013-08-22 04:13:33,2013-08-22 04:13:33,3072,HA,0x000012B7,0x000012B7,x86,Console,"CV",0x10000000,Unknown,0x00004000,Not Loaded,6.3.9600.16384,6.3.9600.16384,6.3,11.0,6.3,6.3
D,"EXT-MS-WIN-KERNEL32-LOCALIZATION-L1-1-0.DLL",2013-08-22 04:13:24,2013-08-22 04:13:24,3072,HA,0x0000DB52,0x0000DB52,x86,Console,"CV",0x10000000,Unknown,0x00004000,Not Loaded,6.3.9600.16384,6.3.9600.16384,6.3,11.0,6.3,6.3
D,"EXT-MS-WIN-KERNEL32-PACKAGE-CURRENT-L1-1-0.DLL",2013-08-22 04:13:24,2013-08-22 04:13:24,3072,HA,0x0000D38E,0x0000D38E,x86,Console,"CV",0x10000000,Unknown,0x00004000,Not Loaded,6.3.9600.16384,6.3.9600.16384,6.3,11.0,6.3,6.3
D,"EXT-MS-WIN-KERNEL32-PACKAGE-L1-1-1.DLL",2014-02-22 11:24:51,2014-02-22 11:24:51,3584,HA,0x000066E4,0x000066E4,x86,Console,"CV",0x10000000,Unknown,0x00004000,Not Loaded,6.3.9600.17031,6.3.9600.17031,6.3,11.0,6.3,6.3
D,"EXT-MS-WIN-KERNEL32-QUIRKS-L1-1-0.DLL",2013-08-22 04:13:27,2013-08-22 04:13:27,3584,HA,0x0000709D,0x0000709D,x86,Console,"CV",0x10000000,Unknown,0x00004000,Not Loaded,6.3.9600.16384,6.3.9600.16384,6.3,11.0,6.3,6.3
D,"EXT-MS-WIN-KERNEL32-REGISTRY-L1-1-0.DLL",2013-08-22 04:13:30,2013-08-22 04:13:29,3584,HA,0x0000A1AB,0x0000A1AB,x86,Console,"CV",0x10000000,Unknown,0x00004000,Not Loaded,6.3.9600.16384,6.3.9600.16384,6.3,11.0,6.3,6.3
D,"EXT-MS-WIN-KERNEL32-SIDEBYSIDE-L1-1-0.DLL",2013-08-22 04:13:34,2013-08-22 04:13:34,3584,HA,0x0000E3AB,0x0000E3AB,x86,Console,"CV",0x10000000,Unknown,0x00004000,Not Loaded,6.3.9600.16384,6.3.9600.16384,6.3,11.0,6.3,6.3
D,"EXT-MS-WIN-KERNEL32-WINDOWSERRORREPORTING-L1-1-0.DLL",2013-08-22 04:13:34,2013-08-22 04:13:34,3584,HA,0x0000CA04,0x0000CA04,x86,Console,"CV",0x10000000,Unknown,0x00004000,Not Loaded,6.3.9600.16384,6.3.9600.16384,6.3,11.0,6.3,6.3
D,"EXT-MS-WIN-KERNELBASE-PROCESSTHREAD-L1-1-0.DLL",2013-08-22 04:13:30,2013-08-22 04:13:30,4096,HA,0x0000C32B,0x0000C32B,x86,Console,"CV",0x10000000,Unknown,0x00004000,Not Loaded,6.3.9600.16384,6.3.9600.16384,6.3,11.0,6.3,6.3
D,"EXT-MS-WIN-MPR-MULTIPLEPROVIDERROUTER-L1-1-0.DLL",2013-08-22 04:13:35,2013-08-22 04:13:35,3584,HA,0x0000590A,0x0000590A,x86,Console,"CV",0x10000000,Unknown,0x00004000,Not Loaded,6.3.9600.16384,6.3.9600.16384,6.3,11.0,6.3,6.3
D,"EXT-MS-WIN-MRMCORER-ENVIRONMENT-L1-1-0.DLL",2013-08-22 04:13:29,2013-08-22 04:13:29,4608,HA,0x00009357,0x00009357,x86,Console,"CV",0x10000000,Unknown,0x00004000,Not Loaded,6.3.9600.16384,6.3.9600.16384,6.3,11.0,6.3,6.3
D,"EXT-MS-WIN-MRMCORER-RESMANAGER-L1-1-0.DLL",2013-08-22 04:13:55,2013-08-22 04:13:55,3072,HA,0x0000FD7F,0x0000FD7F,x86,Console,"CV",0x10000000,Unknown,0x00004000,Not Loaded,6.3.9600.16384,6.3.9600.16384,6.3,11.0,6.3,6.3
D,"EXT-MS-WIN-NTDSAPI-ACTIVEDIRECTORYCLIENT-L1-1-0.DLL",2013-08-22 04:13:39,2013-08-22 04:13:39,3584,HA,0x00006B7B,0x00006B7B,x86,Console,"CV",0x10000000,Unknown,0x00004000,Not Loaded,6.3.9600.16384,6.3.9600.16384,6.3,11.0,6.3,6.3
D,"EXT-MS-WIN-NTUSER-DRAW-L1-1-0.DLL",2013-08-22 04:13:58,2013-08-22 04:13:58,3584,HA,0x00007534,0x00007534,x86,Console,"CV",0x10000000,Unknown,0x00004000,Not Loaded,6.3.9600.16384,6.3.9600.16384,6.3,11.0,6.3,6.3
D,"EXT-MS-WIN-NTUSER-GUI-L1-1-1.DLL",2013-08-22 04:13:58,2013-08-22 04:13:58,3584,HA,0x0000FF38,0x0000FF38,x86,Console,"CV",0x10000000,Unknown,0x00004000,Not Loaded,6.3.9600.16384,6.3.9600.16384,6.3,11.0,6.3,6.3
D,"EXT-MS-WIN-NTUSER-KEYBOARD-L1-1-1.DLL",2013-08-22 04:13:57,2013-08-22 04:13:57,3584,HA,0x000034AA,0x000034AA,x86,Console,"CV",0x10000000,Unknown,0x00004000,Not Loaded,6.3.9600.16384,6.3.9600.16384,6.3,11.0,6.3,6.3
D,"EXT-MS-WIN-NTUSER-MESSAGE-L1-1-1.DLL",2013-08-22 04:13:58,2013-08-22 04:13:58,3584,HA,0x000069C8,0x000069C8,x86,Console,"CV",0x10000000,Unknown,0x00004000,Not Loaded,6.3.9600.16384,6.3.9600.16384,6.3,11.0,6.3,6.3
D,"EXT-MS-WIN-NTUSER-MISC-L1-2-0.DLL",2013-08-22 04:13:59,2013-08-22 04:13:59,4608,HA,0x0000D9E4,0x0000D9E4,x86,Console,"CV",0x10000000,Unknown,0x00004000,Not Loaded,6.3.9600.16384,6.3.9600.16384,6.3,11.0,6.3,6.3
D,"EXT-MS-WIN-NTUSER-MOUSE-L1-1-0.DLL",2013-08-22 04:13:35,2013-08-22 04:13:35,3072,HA,0x0000A0F8,0x0000A0F8,x86,Console,"CV",0x10000000,Unknown,0x00004000,Not Loaded,6.3.9600.16384,6.3.9600.16384,6.3,11.0,6.3,6.3
D,"EXT-MS-WIN-NTUSER-PRIVATE-L1-1-1.DLL",2014-02-22 11:25:31,2014-02-22 11:25:31,8192,HA,0x00010C9D,0x00010C9D,x86,Console,"CV",0x10000000,Unknown,0x00005000,Not Loaded,6.3.9600.17031,6.3.9600.17031,6.3,11.0,6.3,6.3
D,"EXT-MS-WIN-NTUSER-RECTANGLE-EXT-L1-1-0.DLL",2013-08-22 04:13:38,2013-08-22 04:13:38,3072,HA,0x0000E6DC,0x0000E6DC,x86,Console,"CV",0x10000000,Unknown,0x00004000,Not Loaded,6.3.9600.16384,6.3.9600.16384,6.3,11.0,6.3,6.3
D,"EXT-MS-WIN-NTUSER-ROTATIONMANAGER-L1-1-0.DLL",2013-08-22 04:13:35,2013-08-22 04:13:35,3072,HA,0x000012DF,0x000012DF,x86,Console,"CV",0x10000000,Unknown,0x00004000,Not Loaded,6.3.9600.16384,6.3.9600.16384,6.3,11.0,6.3,6.3
D,"EXT-MS-WIN-NTUSER-STRING-L1-1-0.DLL",2013-08-22 04:13:37,2013-08-22 04:13:37,3072,HA,0x0001010E,0x0001010E,x86,Console,"CV",0x10000000,Unknown,0x00004000,Not Loaded,6.3.9600.16384,6.3.9600.16384,6.3,11.0,6.3,6.3
D,"EXT-MS-WIN-NTUSER-SYNCH-L1-1-0.DLL",2013-08-22 04:13:34,2013-08-22 04:13:34,3072,HA,0x000034C9,0x000034C9,x86,Console,"CV",0x10000000,Unknown,0x00004000,Not Loaded,6.3.9600.16384,6.3.9600.16384,6.3,11.0,6.3,6.3
D,"EXT-MS-WIN-NTUSER-WINDOW-L1-1-1.DLL",2013-08-22 04:14:00,2013-08-22 04:14:00,4608,HA,0x0000CF81,0x0000CF81,x86,Console,"CV",0x10000000,Unknown,0x00004000,Not Loaded,6.3.9600.16384,6.3.9600.16384,6.3,11.0,6.3,6.3
D,"EXT-MS-WIN-NTUSER-WINDOWCLASS-L1-1-1.DLL",2013-08-22 04:14:00,2013-08-22 04:14:00,3584,HA,0x00002426,0x00002426,x86,Console,"CV",0x10000000,Unknown,0x00004000,Not Loaded,6.3.9600.16384,6.3.9600.16384,6.3,11.0,6.3,6.3
D,"EXT-MS-WIN-NTUSER-WINDOWSTATION-L1-1-1.DLL",2013-08-22 04:14:01,2013-08-22 04:14:01,3584,HA,0x0000BE16,0x0000BE16,x86,Console,"CV",0x10000000,Unknown,0x00004000,Not Loaded,6.3.9600.16384,6.3.9600.16384,6.3,11.0,6.3,6.3
D,"EXT-MS-WIN-OLE32-BINDCTX-L1-1-0.DLL",2013-08-22 04:13:39,2013-08-22 04:13:39,3072,HA,0x0000FC12,0x0000FC12,x86,Console,"CV",0x10000000,Unknown,0x00004000,Not Loaded,6.3.9600.16384,6.3.9600.16384,6.3,11.0,6.3,6.3
D,"EXT-MS-WIN-OLE32-OLEAUTOMATION-L1-1-0.DLL",2013-08-22 04:13:34,2013-08-22 04:13:34,4096,HA,0x00010CEC,0x00010CEC,x86,Console,"CV",0x10000000,Unknown,0x00004000,Not Loaded,6.3.9600.16384,6.3.9600.16384,6.3,11.0,6.3,6.3
D,"EXT-MS-WIN-OLEACC-L1-1-0.DLL",2013-08-22 04:14:16,2013-08-22 04:14:16,3072,HA,0x000024B9,0x000024B9,x86,Console,"CV",0x10000000,Unknown,0x00004000,Not Loaded,6.3.9600.16384,6.3.9600.16384,6.3,11.0,6.3,6.3
D,"EXT-MS-WIN-PROFILE-USERENV-L1-1-0.DLL",2013-08-22 04:13:55,2013-08-22 04:13:55,4096,HA,0x0000A2D9,0x0000A2D9,x86,Console,"CV",0x10000000,Unknown,0x00004000,Not Loaded,6.3.9600.16384,6.3.9600.16384,6.3,11.0,6.3,6.3
D,"EXT-MS-WIN-RTCORE-GDI-DEVCAPS-L1-1-0.DLL",2013-08-22 04:13:57,2013-08-22 04:13:57,3072,HA,0x00007949,0x00007949,x86,Console,"CV",0x10000000,Unknown,0x00004000,Not Loaded,6.3.9600.16384,6.3.9600.16384,6.3,11.0,6.3,6.3
D,"EXT-MS-WIN-RTCORE-GDI-OBJECT-L1-1-0.DLL",2013-08-22 04:13:38,2013-08-22 04:13:38,3072,HA,0x0000BFD2,0x0000BFD2,x86,Console,"CV",0x10000000,Unknown,0x00004000,Not Loaded,6.3.9600.16384,6.3.9600.16384,6.3,11.0,6.3,6.3
D,"EXT-MS-WIN-RTCORE-GDI-RGN-L1-1-0.DLL",2013-08-22 04:13:58,2013-08-22 04:13:58,3584,HA,0x0000504B,0x0000504B,x86,Console,"CV",0x10000000,Unknown,0x00004000,Not Loaded,6.3.9600.16384,6.3.9600.16384,6.3,11.0,6.3,6.3
D,"EXT-MS-WIN-RTCORE-NTUSER-DC-ACCESS-L1-1-0.DLL",2013-08-22 04:14:01,2013-08-22 04:14:01,3072,HA,0x0000E643,0x0000E643,x86,Console,"CV",0x10000000,Unknown,0x00004000,Not Loaded,6.3.9600.16384,6.3.9600.16384,6.3,11.0,6.3,6.3
D,"EXT-MS-WIN-RTCORE-NTUSER-DPI-L1-1-0.DLL",2013-08-22 04:13:57,2013-08-22 04:13:57,3072,HA,0x0000BEB3,0x0000BEB3,x86,Console,"CV",0x10000000,Unknown,0x00004000,Not Loaded,6.3.9600.16384,6.3.9600.16384,6.3,11.0,6.3,6.3
D,"EXT-MS-WIN-RTCORE-NTUSER-SYSPARAMS-L1-1-0.DLL",2013-08-22 04:14:00,2013-08-22 04:14:00,3584,HA,0x0000E564,0x0000E564,x86,Console,"CV",0x10000000,Unknown,0x00004000,Not Loaded,6.3.9600.16384,6.3.9600.16384,6.3,11.0,6.3,6.3
D,"EXT-MS-WIN-SECURITY-CREDUI-L1-1-0.DLL",2013-08-22 04:14:14,2013-08-22 04:14:14,3584,HA,0x0000F2A4,0x0000F2A4,x86,Console,"CV",0x10000000,Unknown,0x00004000,Not Loaded,6.3.9600.16384,6.3.9600.16384,6.3,11.0,6.3,6.3
D,"EXT-MS-WIN-SESSION-WINSTA-L1-1-0.DLL",2014-02-22 11:24:48,2014-02-22 11:24:48,5632,HA,0x0000574E,0x0000574E,x86,Console,"CV",0x10000000,Unknown,0x00005000,Not Loaded,6.3.9600.17031,6.3.9600.17031,6.3,11.0,6.3,6.3
D,"EXT-MS-WIN-SESSION-WTSAPI32-L1-1-0.DLL",2013-08-22 04:13:04,2013-08-22 04:13:04,3584,HA,0x0000437C,0x0000437C,x86,Console,"CV",0x10000000,Unknown,0x00004000,Not Loaded,6.3.9600.16384,6.3.9600.16384,6.3,11.0,6.3,6.3
D,"EXT-MS-WIN-SETUPAPI-CFGMGR32REMOTE-L1-1-0.DLL",2013-08-22 04:13:40,2013-08-22 04:13:40,6144,HA,0x0000FA77,0x0000FA77,x86,Console,"CV",0x10000000,Unknown,0x00004000,Not Loaded,6.3.9600.16384,6.3.9600.16384,6.3,11.0,6.3,6.3
D,"EXT-MS-WIN-SETUPAPI-INF-L1-1-0.DLL",2013-08-22 04:13:54,2013-08-22 04:13:54,3072,HA,0x00004D1D,0x00004D1D,x86,Console,"CV",0x10000000,Unknown,0x00004000,Not Loaded,6.3.9600.16384,6.3.9600.16384,6.3,11.0,6.3,6.3
D,"EXT-MS-WIN-SHELL32-SHELLCOM-L1-1-0.DLL",2013-08-22 04:13:57,2013-08-22 04:13:55,3072,HA,0x0000B923,0x0000B923,x86,Console,"CV",0x10000000,Unknown,0x00004000,Not Loaded,6.3.9600.16384,6.3.9600.16384,6.3,11.0,6.3,6.3
D,"EXT-MS-WIN-SHELL32-SHELLFOLDERS-L1-1-0.DLL",2013-08-22 04:13:55,2013-08-22 04:13:55,3584,HA,0x0000B2BD,0x0000B2BD,x86,Console,"CV",0x10000000,Unknown,0x00004000,Not Loaded,6.3.9600.16384,6.3.9600.16384,6.3,11.0,6.3,6.3
D,"EXT-MS-WIN-SXS-OLEAUTOMATION-L1-1-0.DLL",2013-08-22 04:13:34,2013-08-22 04:13:34,3072,HA,0x0000EC12,0x0000EC12,x86,Console,"CV",0x10000000,Unknown,0x00004000,Not Loaded,6.3.9600.16384,6.3.9600.16384,6.3,11.0,6.3,6.3
D,"EXT-MS-WIN-WLAN-ONEXUI-L1-1-0.DLL",2013-08-22 04:14:15,2013-08-22 04:14:15,3072,HA,0x00006F78,0x00006F78,x86,Console,"CV",0x10000000,Unknown,0x00004000,Not Loaded,6.3.9600.16384,6.3.9600.16384,6.3,11.0,6.3,6.3
D,"FIREWALLAPI.DLL",2013-08-22 02:44:29,2013-08-22 02:44:26,515584,A,0x0008A180,0x0008A180,x86,GUI,"CV",0x10000000,Unknown,0x00082000,Not Loaded,6.3.9600.16384,6.3.9600.16384,6.3,11.0,6.3,6.3
D,"FLTLIB.DLL",2013-08-22 02:53:49,2013-08-22 02:53:49,16896,A,0x0000E0F5,0x0000E0F5,x86,GUI,"CV",0x10000000,Unknown,0x00008000,Not Loaded,6.3.9600.16384,6.3.9600.16384,6.3,11.0,6.3,6.3
D,"FMS.DLL",2013-08-22 03:55:51,2013-08-22 03:55:50,95744,A,0x0001E8D7,0x0001E8D7,x86,GUI,"CV",0x10000000,Unknown,0x0001A000,Not Loaded,6.3.9600.16384,6.3.9600.16384,6.3,11.0,6.3,6.3
D,"GDIPLUS.DLL",2014-07-04 10:00:32,2014-07-04 10:00:22,1351168,A,0x00158771,0x00158771,x86,Console,"CV",0x10000000,Unknown,0x0014D000,Not Loaded,6.3.9600.17227,6.3.9600.17227,6.3,11.0,6.3,6.3
,"GPEXPORT.DLL",2014-08-17 11:03:08,2013-12-21 08:54:19,114688,A,0x00000000,0x0001EBEA,x86,GUI,"None",0x10000000,Unknown,0x0001F000,Not Loaded,1.0.0.1,1.0.0.1,0.0,6.0,4.0,4.0
D,"HLINK.DLL",2013-08-22 03:40:52,2013-08-22 03:40:52,79360,A,0x0001AFE9,0x0001AFE9,x86,Console,"CV",0x10000000,Unknown,0x00016000,Not Loaded,6.3.9600.16384,6.3.9600.16384,6.3,11.0,6.3,6.1
DE,"IEFRAME.DLL",2014-09-25 22:43:38,2014-09-25 22:43:13,11807232,A,0x00B4CA6F,0x00B4CA6F,x86,GUI,"CV",0x10000000,Unknown,0x00B49000,Not Loaded,11.0.9600.17351,11.0.9600.17351,6.3,11.0,6.3,6.1
D,"IEUI.DLL",2013-08-22 03:42:13,2013-08-22 03:42:10,440832,A,0x0006E7F6,0x0006E7F6,x86,GUI,"CV",0x10000000,Unknown,0x0006F000,Not Loaded,11.0.9600.16384,11.0.9600.16384,6.3,11.0,6.3,6.1
D,"IMAGEHLP.DLL",2013-10-19 07:14:14,2013-10-19 03:42:51,70680,A,0x00013D4A,0x00013D4A,x86,Console,"CV",0x10000000,Unknown,0x00012000,Not Loaded,6.3.9600.16438,6.3.9600.16438,6.3,11.0,6.3,6.3
D,"IPHLPAPI.DLL",2013-08-22 05:17:53,2013-08-22 02:55:41,118776,A,0x0002BBAF,0x0002BBAF,x86,Console,"CV",0x10000000,Unknown,0x0001E000,Not Loaded,6.3.9600.16384,6.3.9600.16384,6.3,11.0,6.3,6.3
,"KERNELBASE.DLL",2014-08-16 01:31:16,2014-08-16 01:31:12,838144,A,0x000D7842,0x000D7842,x86,Console,"CV",0x10000000,Unknown,0x000D0000,Not Loaded,6.3.9600.17278,6.3.9600.17278,6.3,11.0,6.3,6.3
D,"LOGONCLI.DLL",2013-08-22 02:53:27,2013-08-22 02:53:26,172032,A,0x000388C8,0x000388C8,x86,GUI,"CV",0x10000000,Unknown,0x0002E000,Not Loaded,6.3.9600.16384,6.3.9600.16384,6.3,11.0,6.3,6.3
,"MFC42U.DLL",2013-08-22 03:12:37,2013-08-22 03:12:29,1059328,A,0x00111786,0x00111786,x86,Console,"CV",0x10000000,Unknown,0x00107000,Not Loaded,6.6.8063.0,6.6.4.0,6.3,11.0,6.3,6.3
D,"MFPLAT.DLL",2014-07-24 13:36:22,2014-07-24 08:21:13,707536,A,0x000B06F9,0x000B06F9,x86,Console,"CV",0x10000000,Unknown,0x000AC000,Not Loaded,12.0.9600.17238,12.0.9600.17238,6.3,11.0,6.3,6.3
D,"MMDEVAPI.DLL",2014-02-22 14:04:47,2014-02-22 09:08:44,296448,A,0x00054141,0x00054141,x86,Console,"CV",0x10000000,Unknown,0x0004A000,Not Loaded,6.3.9600.17031,6.3.9600.17031,6.3,11.0,6.3,6.3
D,"MPRMSG.DLL",2013-08-22 02:54:33,2013-08-22 02:54:32,113664,A,0x0002548E,0x0002548E,x86,Console,"CV",0x10000000,Unknown,0x0001F000,Not Loaded,6.3.9600.16384,6.3.9600.16384,6.3,11.0,6.3,6.3
D,"MRMCORER.DLL",2014-09-03 23:49:39,2014-09-03 23:49:33,626688,A,0x0009A6D6,0x0009A6D6,x86,Console,"CV",0x10000000,Unknown,0x0009D000,Not Loaded,6.3.9600.17334,6.3.9600.17334,6.3,11.0,6.3,6.3
D,"MSASN1.DLL",2013-08-22 05:29:29,2013-08-22 02:55:56,50616,A,0x000145AB,0x000145AB,x86,GUI,"CV",0x10000000,Unknown,0x0000E000,Not Loaded,6.3.9600.16384,6.3.9600.16384,6.3,11.0,6.3,6.3
D,"MSCTF.DLL",2014-02-22 14:42:12,2014-02-22 09:16:01,1017936,A,0x000FB6C1,0x000FB6C1,x86,GUI,"CV",0x10000000,Unknown,0x000F7000,Not Loaded,6.3.9600.17031,6.3.9600.17031,6.3,11.0,6.3,6.3
D,"MSFEEDS.DLL",2014-09-19 00:20:38,2014-09-19 00:20:34,607744,A,0x0009D114,0x0009D114,x86,GUI,"CV",0x10000000,Unknown,0x00097000,Not Loaded,11.0.9600.17344,11.0.9600.17344,6.3,11.0,6.3,6.1
D,"MSI.DLL",2014-09-13 05:30:17,2014-09-13 05:30:01,3117568,A,0x00307FE7,0x00307FE7,x86,Console,"CV",0x10000000,Unknown,0x002FE000,Not Loaded,5.0.9600.17341,5.0.9600.17341,6.3,11.0,6.3,6.1
D,"MSILTCFG.DLL",2013-08-22 04:04:34,2013-08-22 04:04:34,17408,A,0x00006ECC,0x00006ECC,x86,Console,"CV",0x10000000,Unknown,0x00008000,Not Loaded,5.0.9600.16384,5.0.9600.16384,6.3,11.0,6.3,6.3
D,"MSLS31.DLL",2013-08-22 04:07:03,2013-08-22 04:07:02,182272,A,0x0002CE59,0x0002CE59,x86,GUI,"CV",0x10000000,Unknown,0x00031000,Not Loaded,3.10.349.0,3.10.0.0,6.3,11.0,6.3,6.1
D,"MSOERT2.DLL",2013-08-22 03:05:14,2013-08-22 03:05:13,88064,A,0x00017EBB,0x00017EBB,x86,GUI,"CV",0x10000000,Unknown,0x0001C000,Not Loaded,6.3.9600.16384,6.3.9600.16384,6.3,11.0,6.3,6.3
D,"NCRYPT.DLL",2013-08-22 05:29:29,2013-08-22 02:55:09,113072,A,0x000297AC,0x000297AC,x86,Console,"CV",0x10000000,Unknown,0x0001C000,Not Loaded,6.3.9600.16384,6.3.9600.16384,6.3,11.0,6.3,6.3
D,"NDFAPI.DLL",2013-08-22 02:21:20,2013-08-22 02:21:20,219136,A,0x00043B5F,0x00043B5F,x86,Console,"CV",0x10000000,Unknown,0x00039000,Not Loaded,6.3.9600.16384,6.3.9600.16384,6.3,11.0,6.3,6.3
D,"NETUTILS.DLL",2013-08-22 05:29:29,2013-08-22 02:54:34,36136,A,0x00011E42,0x00011E42,x86,Console,"CV",0x10000000,Unknown,0x0000A000,Not Loaded,6.3.9600.16384,6.3.9600.16384,6.3,11.0,6.3,6.3
D,"NINPUT.DLL",2014-01-17 17:04:11,2014-01-17 17:04:08,292864,A,0x0005678F,0x0005678F,x86,Console,"CV",0x10000000,Unknown,0x0004B000,Not Loaded,6.3.9600.16517,6.3.9600.16517,6.3,11.0,6.3,6.3
D,"NSI.DLL",2013-08-22 13:25:36,2013-08-22 04:13:02,19640,A,0x0000CEE2,0x0000CEE2,x86,Console,"CV",0x10000000,Unknown,0x00007000,Not Loaded,6.3.9600.16384,6.3.9600.16384,6.3,11.0,6.3,6.3
D,"NTASN1.DLL",2013-08-22 05:29:30,2013-08-22 02:54:59,171472,A,0x000369AD,0x000369AD,x86,GUI,"CV",0x10000000,Unknown,0x0002B000,Not Loaded,6.3.9600.16384,6.3.9600.16384,6.3,11.0,6.3,6.3
,"ODBC32.DLL",2013-08-22 03:47:14,2013-08-22 03:47:11,637952,A,0x0009F803,0x0009F803,x86,GUI,"CV",0x10000000,Unknown,0x0009F000,Not Loaded,6.3.9600.16384,6.3.9600.16384,6.3,11.0,6.3,6.3
,"OLEAUT32.DLL",2014-01-08 00:33:53,2014-01-07 23:43:26,552632,A,0x0008ACDC,0x0008ACDC,x86,Console,"CV",0x10000000,Unknown,0x00087000,Not Loaded,6.3.9600.16506,6.3.9600.16506,6.3,11.0,6.3,6.3
D,"ONEX.DLL",2013-08-22 02:42:42,2013-08-22 02:42:42,199168,A,0x0003A87E,0x0003A87E,x86,Console,"CV",0x10000000,Unknown,0x00035000,Not Loaded,6.3.9600.16384,6.3.9600.16384,6.3,11.0,6.3,6.3
D,"PCACLI.DLL",2013-08-22 04:03:31,2013-08-22 04:03:31,20480,A,0x00009E88,0x00009E88,x86,Console,"CV",0x10000000,Unknown,0x00009000,Not Loaded,6.3.9600.16384,6.3.9600.16384,6.3,11.0,6.3,6.3
D,"PCWUM.DLL",2013-08-22 04:13:22,2013-08-22 04:13:22,35840,A,0x00015FC6,0x00015FC6,x86,Native,"CV",0x10000000,Unknown,0x0000D000,Not Loaded,6.3.9600.16384,6.3.9600.16384,6.3,11.0,6.3,6.3
D,"PRNTVPT.DLL",2013-08-22 03:50:50,2013-08-22 03:50:50,122368,A,0x00028615,0x00028615,x86,Console,"CV",0x10000000,Unknown,0x00022000,Not Loaded,6.3.9600.16384,6.3.9600.16384,6.3,11.0,6.3,6.3
D,"PROFAPI.DLL",2013-08-22 05:17:53,2013-08-22 02:55:35,51128,A,0x00014243,0x00014243,x86,GUI,"CV",0x10000000,Unknown,0x0000E000,Not Loaded,6.3.9600.16384,6.3.9600.16384,6.3,11.0,6.3,6.3
D,"PROPSYS.DLL",2014-08-16 03:16:37,2014-08-16 01:31:40,1205976,A,0x0012F005,0x0012F005,x86,GUI,"CV",0x10000000,Unknown,0x00125000,Not Loaded,7.0.9600.17278,7.0.9600.17278,6.3,11.0,6.3,6.3
D,"PUIAPI.DLL",2014-07-24 08:08:51,2014-07-24 08:08:51,162816,A,0x000334B2,0x000334B2,x86,Console,"CV",0x10000000,Unknown,0x0002A000,Not Loaded,6.3.9600.17238,6.3.9600.17238,6.3,11.0,6.3,6.3
D,"RASAPI32.DLL",2014-03-04 05:52:07,2014-03-04 05:52:05,605184,A,0x000A2F2C,0x000A2F2C,x86,GUI,"CV",0x10000000,Unknown,0x00098000,Not Loaded,6.3.9600.17039,6.3.9600.17039,6.3,11.0,6.3,6.3
D,"RASMAN.DLL",2013-08-22 02:49:40,2013-08-22 02:49:39,138240,A,0x00026AB2,0x00026AB2,x86,GUI,"CV",0x10000000,Unknown,0x00025000,Not Loaded,6.3.9600.16384,6.3.9600.16384,6.3,11.0,6.3,6.3
D,"RSTRTMGR.DLL",2013-08-22 03:30:25,2013-08-22 03:30:25,149504,A,0x0002606B,0x0002606B,x86,GUI,"CV",0x10000000,Unknown,0x00027000,Not Loaded,6.3.9600.16384,6.3.9600.16384,6.3,11.0,6.3,6.3
D,"RTUTILS.DLL",2013-08-22 02:54:38,2013-08-22 02:54:38,40448,A,0x0000E3E8,0x0000E3E8,x86,Console,"CV",0x10000000,Unknown,0x0000D000,Not Loaded,6.3.9600.16384,6.3.9600.16384,6.3,11.0,6.3,6.3
D,"RTWORKQ.DLL",2013-08-22 05:19:23,2013-08-22 02:41:51,96576,A,0x0001BD69,0x0001BD69,x86,Console,"CV",0x10000000,Unknown,0x0001B000,Not Loaded,12.0.9600.16384,12.0.9600.16384,6.3,11.0,6.3,6.3
D,"SAMCLI.DLL",2013-08-22 02:54:17,2013-08-22 02:54:17,62976,A,0x0001A62C,0x0001A62C,x86,Console,"CV",0x10000000,Unknown,0x00012000,Not Loaded,6.3.9600.16384,6.3.9600.16384,6.3,11.0,6.3,6.3
,"SECHOST.DLL",2013-08-22 05:17:54,2013-08-22 04:09:18,252024,A,0x00048785,0x00048785,x86,Console,"CV",0x10000000,Unknown,0x0003E000,Not Loaded,6.3.9600.16384,6.3.9600.16384,6.3,11.0,6.3,6.3
D,"SETTINGSYNCPOLICY.DLL",2014-02-22 08:20:52,2014-02-22 08:20:51,27648,A,0x0000DFC3,0x0000DFC3,x86,GUI,"CV",0x10000000,Unknown,0x0000A000,Not Loaded,6.3.9600.17031,6.3.9600.17031,6.3,11.0,6.3,6.3
D,"SETUPAPI.DLL",2014-02-22 14:52:02,2014-02-22 08:42:28,1767440,A,0x001B0FE6,0x001B0FE6,x86,GUI,"CV",0x10000000,Unknown,0x001AD000,Not Loaded,6.3.9600.17031,6.3.9600.17031,6.3,11.0,6.3,6.3
DE,"SHCORE.DLL",2014-07-24 13:46:50,2014-07-24 08:30:22,477200,A,0x0007B93B,0x0007B93B,x86,GUI,"CV",0x10000000,Unknown,0x00076000,Not Loaded,6.3.9600.17238,6.3.9600.17238,6.3,11.0,6.3,6.3
D,"SLC.DLL",2014-02-22 11:06:51,2014-02-22 11:06:51,148992,A,0x0002AC0F,0x0002AC0F,x86,Console,"CV",0x10000000,Unknown,0x00028000,Not Loaded,6.3.9600.17031,6.3.9600.17031,6.3,11.0,6.3,6.3
D,"SPPC.DLL",2014-02-22 11:05:19,2014-02-22 11:05:18,95232,A,0x0001CADD,0x0001CADD,x86,Console,"CV",0x10000000,Unknown,0x0001A000,Not Loaded,6.3.9600.17031,6.3.9600.17031,21315.20512,11.0,6.3,6.3
D,"SRVCLI.DLL",2013-08-22 05:29:31,2013-08-22 02:53:18,108424,A,0x00027CBF,0x00027CBF,x86,Console,"CV",0x10000000,Unknown,0x0001B000,Not Loaded,6.3.9600.16384,6.3.9600.16384,6.3,11.0,6.3,6.3
,"SSPICLI.DLL",2013-09-30 04:03:37,2013-09-21 05:37:31,101376,A,0x00023AEA,0x00023AEA,x86,Console,"CV",0x10000000,Unknown,0x0001D000,Not Loaded,6.3.9600.16408,6.3.9600.16408,6.3,11.0,6.3,6.3
D,"TAPI32.DLL",2013-08-22 03:42:27,2013-08-22 03:42:26,196608,A,0x00030C3D,0x00030C3D,x86,GUI,"CV",0x10000000,Unknown,0x00033000,Not Loaded,6.3.9600.16384,6.3.9600.16384,6.3,11.0,6.3,6.3
D,"TBS.DLL",2013-08-22 02:54:13,2013-08-22 02:54:13,23040,A,0x00012ABB,0x00012ABB,x86,Console,"CV",0x10000000,Unknown,0x00009000,Not Loaded,6.3.9600.16384,6.3.9600.16384,6.3,11.0,6.3,6.3
D,"TWINAPI.APPCORE.DLL",2014-04-11 08:25:54,2014-04-11 03:12:56,419928,A,0x000707F1,0x000707F1,x86,GUI,"CV",0x10000000,Unknown,0x00069000,Not Loaded,6.3.9600.17093,6.3.9600.17093,6.3,11.0,6.3,6.3
D,"TWINAPI.DLL",2014-02-22 08:39:28,2014-02-22 08:39:23,556032,A,0x0008937F,0x0008937F,x86,GUI,"CV",0x10000000,Unknown,0x0008B000,Not Loaded,6.3.9600.17031,6.3.9600.17031,6.3,11.0,6.3,6.3
D,"VAULTCLI.DLL",2013-08-22 02:46:05,2013-08-22 02:46:05,78848,A,0x000202B0,0x000202B0,x86,Console,"CV",0x10000000,Unknown,0x00018000,Not Loaded,6.3.9600.16384,6.3.9600.16384,6.3,11.0,6.3,6.3
D,"VIRTDISK.DLL",2013-08-22 02:53:34,2013-08-22 02:53:34,30208,A,0x000087E1,0x000087E1,x86,Console,"CV",0x10000000,Unknown,0x0000B000,Not Loaded,6.3.9600.16384,6.3.9600.16384,6.3,11.0,6.3,6.3
D,"VPNIKEAPI.DLL",2013-08-22 02:53:48,2013-08-22 02:53:48,28672,A,0x00011029,0x00011029,x86,Console,"CV",0x10000000,Unknown,0x0000B000,Not Loaded,6.3.9600.16384,6.3.9600.16384,6.3,11.0,6.3,6.3
D,"WDI.DLL",2013-08-22 02:47:21,2013-08-22 02:47:20,80896,A,0x00021634,0x00021634,x86,Console,"CV",0x10000000,Unknown,0x00017000,Not Loaded,6.3.9600.16384,6.3.9600.16384,6.3,11.0,6.3,6.3
D,"WEBIO.DLL",2013-08-22 02:44:53,2013-08-22 02:44:51,400896,A,0x0006F0E4,0x0006F0E4,x86,Console,"CV",0x10000000,Unknown,0x00065000,Not Loaded,6.3.9600.16384,6.3.9600.16384,6.3,11.0,6.3,6.3
D,"WEBSERVICES.DLL",2014-02-22 14:38:06,2014-02-22 09:36:11,1077944,A,0x00116057,0x00116057,x86,Console,"CV",0x10000000,Unknown,0x00107000,Not Loaded,6.3.9600.17031,6.3.9600.17031,6.3,11.0,6.3,6.3
D,"WEBSOCKET.DLL",2013-08-22 02:54:00,2013-08-22 02:54:00,35328,A,0x0000C567,0x0000C567,x86,Console,"CV",0x10000000,Unknown,0x0000C000,Not Loaded,6.3.9600.16384,6.3.9600.16384,6.3,11.0,6.3,6.3
D,"WEVTAPI.DLL",2013-08-22 05:30:48,2013-08-22 02:51:18,308848,A,0x0005ADD5,0x0005ADD5,x86,Console,"CV",0x10000000,Unknown,0x0004C000,Not Loaded,6.3.9600.16384,6.3.9600.16384,6.3,11.0,6.3,6.3
D,"WINBRAND.DLL",2014-02-22 09:25:36,2014-02-22 09:25:35,27136,A,0x00013F10,0x00013F10,x86,Console,"CV",0x10000000,Unknown,0x0000A000,Not Loaded,6.3.9600.17031,6.3.9600.17031,6.3,11.0,6.3,6.1
D,"WINMMBASE.DLL",2014-03-25 01:20:46,2014-03-24 22:57:36,127544,A,0x00024147,0x00024147,x86,GUI,"CV",0x10000000,Unknown,0x00020000,Not Loaded,6.3.9600.17080,6.3.9600.17080,6.3,11.0,6.3,6.3
D,"WINNSI.DLL",2013-08-22 13:25:36,2013-08-22 02:55:39,25824,A,0x0001152F,0x0001152F,x86,Console,"CV",0x10000000,Unknown,0x00008000,Not Loaded,6.3.9600.16384,6.3.9600.16384,6.3,11.0,6.3,6.3
D,"WINSTA.DLL",2013-08-22 05:20:03,2013-08-22 02:42:41,265480,A,0x0004DAF4,0x0004DAF4,x86,Console,"CV",0x10000000,Unknown,0x00042000,Not Loaded,6.3.9600.16384,6.3.9600.16384,6.3,11.0,6.3,6.3
D,"WKSCLI.DLL",2013-08-22 05:29:34,2013-08-22 02:53:19,59392,A,0x00015C04,0x00015C04,x86,Console,"CV",0x10000000,Unknown,0x00010000,Not Loaded,6.3.9600.16384,6.3.9600.16384,6.3,11.0,6.3,6.3
D,"WLANAPI.DLL",2014-07-24 08:30:04,2014-07-24 08:29:58,230400,A,0x00046178,0x00046178,x86,Console,"CV",0x10000000,Unknown,0x0003C000,Not Loaded,6.3.9600.17238,6.3.9600.17238,6.3,11.0,6.3,6.3
D,"WMICLNT.DLL",2013-08-22 02:55:42,2013-08-22 02:55:42,32256,A,0x00016224,0x00016224,x86,Console,"CV",0x10000000,Unknown,0x0000B000,Not Loaded,6.3.9600.16384,6.3.9600.16384,6.3,11.0,6.3,6.3
D,"XMLLITE.DLL",2013-08-22 05:28:06,2013-08-22 02:47:27,175088,A,0x000361E2,0x000361E2,x86,GUI,"CV",0x10000000,Unknown,0x0002C000,Not Loaded,6.3.9600.16384,6.3.9600.16384,6.3,11.0,6.3,6.3
,"MSVCRT.DLL",2013-08-22 05:21:03,2013-08-22 04:13:41,780408,A,0x000C4766,0x000C4766,x86,GUI,"CV",0x10100000,Unknown,0x000BE000,Not Loaded,7.0.9600.16384,6.1.8638.16384,6.3,11.0,6.3,6.3
D,"URLMON.DLL",2014-09-18 23:53:45,2014-09-18 23:53:37,1190400,A,0x00124E1D,0x00124E1D,x86,GUI,"CV",0x1A400000,Unknown,0x0012C000,Not Loaded,11.0.9600.17344,11.0.9600.17344,6.3,11.0,6.3,6.1
D,"IMGUTIL.DLL",2013-08-22 02:35:09,2013-08-22 02:35:09,36352,A,0x000162D6,0x000162D6,x86,GUI,"CV",0x1B000000,Unknown,0x0000C000,Not Loaded,11.0.9600.16384,11.0.9600.16384,6.3,11.0,6.3,6.1
D,"REGAPI.DLL",2013-08-22 04:02:36,2013-08-22 04:02:36,75264,A,0x00021C8D,0x00021C8D,x86,Console,"CV",0x30000000,Unknown,0x00016000,Not Loaded,6.3.9600.16384,6.3.9600.16384,6.3,11.0,6.3,6.3
D,"WTSAPI32.DLL",2013-08-22 05:20:02,2013-08-22 04:03:15,50616,A,0x000115EF,0x000115EF,x86,Console,"CV",0x30000000,Unknown,0x0000E000,Not Loaded,6.3.9600.16384,6.3.9600.16384,6.3,11.0,6.3,6.3
D,"OLEDLG.DLL",2013-08-22 03:54:38,2013-08-22 03:54:38,103936,A,0x0001FD3C,0x0001FD3C,x86,GUI,"CV",0x47480000,Unknown,0x0001D000,Not Loaded,6.3.9600.16384,6.3.9600.16384,6.3,11.0,6.3,6.3
D,"WINTRUST.DLL",2014-04-03 04:03:15,2014-03-30 22:48:38,230808,A,0x0004518F,0x0004518F,x86,GUI,"CV",0x47600000,Unknown,0x00038000,Not Loaded,6.3.9600.17085,6.3.9600.17085,6.3,11.0,6.3,6.3
D,"MPR.DLL",2013-08-22 05:30:36,2013-08-22 02:56:00,82576,A,0x0001745C,0x0001745C,x86,Console,"CV",0x4B680000,Unknown,0x00014000,Not Loaded,6.3.9600.16384,6.3.9600.16384,6.3,11.0,6.3,6.3
D,"ACTIVEDS.DLL",2013-08-22 02:20:52,2013-08-22 02:20:51,205312,A,0x0003B37E,0x0003B37E,x86,Console,"CV",0x4C200000,Unknown,0x00034000,Not Loaded,6.3.9600.16384,6.3.9600.16384,6.3,11.0,6.3,6.3
,"ADVAPI32.DLL",2014-02-22 14:11:24,2014-02-22 11:10:22,490136,A,0x0007B885,0x0007B885,x86,Console,"CV",0x4C300000,Unknown,0x00078000,Not Loaded,6.3.9600.17031,6.3.9600.17031,6.3,11.0,6.3,6.3
D,"NETAPI32.DLL",2013-08-22 05:29:29,2013-08-22 02:51:43,66632,A,0x00013800,0x00013800,x86,Console,"CV",0x4CA00000,Unknown,0x00012000,Not Loaded,6.3.9600.16384,6.3.9600.16384,6.3,11.0,6.3,6.3
D,"WINSPOOL.DRV",2014-07-24 08:10:30,2014-07-24 08:10:28,371712,A,0x00065F3B,0x00065F3B,x86,GUI,"CV",0x4CC80000,Unknown,0x0005E000,Not Loaded,6.3.9600.17238,6.3.9600.17238,6.3,11.0,6.3,6.3
D,"SAMLIB.DLL",2014-02-22 09:29:39,2014-02-22 09:29:38,62976,A,0x0000FAD0,0x0000FAD0,x86,Console,"CV",0x4D180000,Unknown,0x00013000,Not Loaded,6.3.9600.17031,6.3.9600.17031,6.3,11.0,6.3,6.3
,"GDI32.DLL",2014-08-02 03:56:08,2014-08-02 03:56:03,1064448,A,0x0010F905,0x0010F905,x86,Console,"CV",0x4D500000,Unknown,0x00107000,Not Loaded,6.3.9600.17246,6.3.9600.17246,6.3,11.0,6.3,6.3
D,"PRINTUI.DLL",2014-07-24 07:44:12,2014-07-24 07:44:09,1057792,A,0x0010353D,0x0010353D,x86,Console,"CV",0x4E180000,Unknown,0x00105000,Not Loaded,6.3.9600.17238,6.3.9600.17238,6.3,11.0,6.3,6.3
,"RPCRT4.DLL",2014-06-19 23:52:15,2014-06-19 23:52:11,710144,A,0x000AD93D,0x000AD93D,x86,Console,"CV",0x4EF80000,Unknown,0x000B0000,Not Loaded,6.3.9600.17216,6.3.9600.17216,6.3,11.0,6.3,6.3
D,"IMM32.DLL",2014-02-22 11:15:39,2014-02-22 11:15:37,137728,A,0x000220A9,0x000220A9,x86,GUI,"CV",0x4F000000,Unknown,0x00025000,Not Loaded,6.3.9600.17031,6.3.9600.17031,6.3,11.0,6.3,6.3
D,"WINMM.DLL",2014-03-25 01:20:45,2014-03-22 07:25:06,128568,A,0x00028671,0x00028671,x86,GUI,"CV",0x4F080000,Unknown,0x00020000,Not Loaded,6.3.9600.17078,6.3.9600.17078,6.3,11.0,6.3,6.3
D,"W32TOPL.DLL",2013-08-22 02:54:35,2013-08-22 02:54:35,27136,A,0x0000C168,0x0000C168,x86,Console,"CV",0x4F200000,Unknown,0x0000B000,Not Loaded,6.3.9600.16384,6.3.9600.16384,6.3,11.0,6.3,6.3
D,"WS2_32.DLL",2013-08-22 05:17:54,2013-08-22 02:55:30,313488,A,0x0005730E,0x0005730E,x86,Console,"CV",0x4F780000,Unknown,0x0004D000,Not Loaded,6.3.9600.16384,6.3.9600.16384,6.3,11.0,6.3,6.3
D,"NTSHRUI.DLL",2014-02-22 08:43:03,2014-02-22 08:43:02,644608,A,0x000A0208,0x000A0208,x86,GUI,"CV",0x51400000,Unknown,0x000A0000,Not Loaded,6.3.9600.17031,6.3.9600.17031,6.3,11.0,6.3,6.3
D,"SECUR32.DLL",2013-08-22 02:55:53,2013-08-22 02:55:53,23040,A,0x0000B439,0x0000B439,x86,Console,"CV",0x51B80000,Unknown,0x00009000,Not Loaded,6.3.9600.16384,6.3.9600.16384,6.3,11.0,6.3,6.3
D,"COMDLG32.DLL",2014-07-24 09:10:16,2014-07-24 09:10:12,540672,A,0x0008FAA0,0x0008FAA0,x86,GUI,"CV",0x52080000,Unknown,0x0008A000,Not Loaded,6.3.9600.17238,6.3.9600.17238,6.3,11.0,6.3,6.3
D,"WLDAP32.DLL",2014-08-16 00:43:25,2014-08-16 00:43:23,321024,A,0x0005E3A5,0x0005E3A5,x86,GUI,"CV",0x52100000,Unknown,0x00051000,Not Loaded,6.3.9600.17278,6.3.9600.17278,6.3,11.0,6.3,6.3
D,"VERSION.DLL",2013-08-22 05:25:38,2013-08-22 04:05:52,25824,A,0x0000B2DF,0x0000B2DF,x86,GUI,"CV",0x52180000,Unknown,0x00008000,Not Loaded,6.3.9600.16384,6.3.9600.16384,6.3,11.0,6.3,6.3
D,"LINKINFO.DLL",2013-08-22 04:01:50,2013-08-22 04:01:50,23040,A,0x00008719,0x00008719,x86,GUI,"CV",0x52600000,Unknown,0x0000A000,Not Loaded,6.3.9600.16384,6.3.9600.16384,6.3,11.0,6.3,6.3
D,"USERENV.DLL",2014-03-06 11:19:51,2014-03-06 06:26:17,94016,A,0x0001B600,0x0001B600,x86,GUI,"CV",0x52880000,Unknown,0x00019000,Not Loaded,6.3.9600.17041,6.3.9600.17041,6.3,11.0,6.3,6.3
D,"WINDOWSCODECS.DLL",2014-01-29 07:44:15,2014-01-29 06:44:17,1369736,A,0x0015D6B4,0x0015D6B4,x86,GUI,"CV",0x53000000,Unknown,0x0014D000,Not Loaded,6.3.9600.16521,6.3.9600.16521,6.3,11.0,6.3,6.3
D,"DHCPCSVC.DLL",2014-04-30 03:45:54,2014-04-30 03:45:53,62976,A,0x0001462A,0x0001462A,x86,Console,"CV",0x53680000,Unknown,0x00013000,Not Loaded,6.3.9600.17111,6.3.9600.17111,6.3,11.0,6.3,6.3
D,"UIAUTOMATIONCORE.DLL",2013-10-05 08:21:38,2013-10-05 08:21:31,920064,A,0x000ECE7A,0x000ECE7A,x86,GUI,"CV",0x53830000,Unknown,0x000E4000,Not Loaded,7.2.9600.16421,6.3.9600.16421,6.3,11.0,6.3,6.3
D,"NTDSAPI.DLL",2013-08-22 02:52:04,2013-08-22 02:52:03,90112,A,0x0002505F,0x0002505F,x86,Console,"CV",0x59280000,Unknown,0x00018000,Not Loaded,6.3.9600.16384,6.3.9600.16384,6.3,11.0,6.3,6.3
D,"FECLIENT.DLL",2013-08-22 04:05:56,2013-08-22 04:05:56,36864,A,0x00015CD1,0x00015CD1,x86,Console,"CV",0x5AD00000,Unknown,0x0000C000,Not Loaded,6.3.9600.16384,6.3.9600.16384,6.3,11.0,6.3,6.3
D,"MSIMG32.DLL",2013-08-22 02:55:04,2013-08-22 02:55:04,5632,A,0x00006117,0x00006117,x86,Console,"CV",0x5B800000,Unknown,0x00006000,Not Loaded,6.3.9600.16384,6.3.9600.16384,6.3,11.0,6.3,5.1
D,"COMCTL32.DLL",2013-08-22 04:07:58,2013-08-22 04:07:56,535552,A,0x0008F1F6,0x0008F1F6,x86,GUI,"CV",0x5BF80000,Unknown,0x00086000,Not Loaded,5.82.9600.16384,6.3.9600.16384,6.3,11.0,6.3,6.3
D,"CRYPT32.DLL",2013-10-16 13:54:17,2013-10-16 10:34:11,1581968,A,0x0018787B,0x0018787B,x86,GUI,"CV",0x5CF00000,Unknown,0x0017F000,Not Loaded,6.3.9600.16431,6.3.9600.16431,6.3,11.0,6.3,6.3
D,"ACLUI.DLL",2014-06-05 09:42:34,2014-06-05 09:42:33,889856,A,0x000DC282,0x000DC282,x86,GUI,"CV",0x5D500000,Unknown,0x000DE000,Not Loaded,6.3.9600.17199,6.3.9600.17199,6.3,11.0,6.3,6.3
D,"IERTUTIL.DLL",2014-09-19 00:55:50,2014-09-19 00:55:36,2187264,A,0x0021D2D8,0x0021D2D8,x86,GUI,"CV",0x5DCA0000,Unknown,0x0021B000,Not Loaded,11.0.9600.17344,11.0.9600.17344,6.3,11.0,6.3,6.1
D,"MLANG.DLL",2013-08-22 02:42:35,2013-08-22 02:42:34,182272,A,0x0002EF84,0x0002EF84,x86,GUI,"CV",0x5E200000,Unknown,0x0002F000,Not Loaded,6.3.9600.16384,6.3.9600.16384,6.3,11.0,6.3,6.3
D,"POWRPROF.DLL",2014-02-22 14:52:01,2014-02-22 09:28:17,251504,A,0x00047228,0x00047228,x86,Console,"CV",0x5E600000,Unknown,0x0003E000,Not Loaded,6.3.9600.17031,6.3.9600.17031,6.3,11.0,6.3,6.3
D,"INETCOMM.DLL",2013-08-22 03:06:10,2013-08-22 03:06:05,740864,A,0x000C0BFC,0x000C0BFC,x86,GUI,"CV",0x5EC00000,Unknown,0x000B9000,Not Loaded,6.3.9600.16384,6.3.9600.16384,6.3,11.0,6.3,6.3
D,"WINSCARD.DLL",2013-09-30 04:03:37,2013-09-21 06:55:52,168448,A,0x000353A4,0x000353A4,x86,Console,"CV",0x5F280000,Unknown,0x0002C000,Not Loaded,6.3.9600.16408,6.3.9600.16408,6.3,11.0,6.3,6.3
D,"DEVMGR.DLL",2013-08-22 03:25:44,2013-08-22 03:25:42,452608,A,0x0007B326,0x0007B326,x86,GUI,"CV",0x5FC80000,Unknown,0x00072000,Not Loaded,6.3.9600.16384,6.3.9600.16384,6.3,11.0,6.3,6.3
D,"SCECLI.DLL",2013-08-22 02:48:17,2013-08-22 02:48:16,207360,A,0x00034341,0x00034341,x86,Console,"CV",0x5FD00000,Unknown,0x00036000,Not Loaded,6.3.9600.16384,6.3.9600.16384,6.3,11.0,6.3,6.3
D,"DNSAPI.DLL",2014-03-04 06:42:41,2014-03-04 06:42:38,494592,A,0x0008567F,0x0008567F,x86,Console,"CV",0x5FD80000,Unknown,0x0007C000,Not Loaded,6.3.9600.17039,6.3.9600.17039,6.3,11.0,6.3,6.3
D,"SPFILEQ.DLL",2013-08-22 04:06:28,2013-08-22 04:06:27,86016,A,0x0002129F,0x0002129F,x86,GUI,"CV",0x61000000,Unknown,0x00017000,Not Loaded,6.3.9600.16384,6.3.9600.16384,6.3,11.0,6.3,6.3
D,"SPINF.DLL",2013-08-22 04:06:19,2013-08-22 04:06:19,79872,A,0x00020088,0x00020088,x86,GUI,"CV",0x61000000,Unknown,0x00016000,Not Loaded,6.3.9600.16384,6.3.9600.16384,6.3,11.0,6.3,6.3
D,"CRYPTUI.DLL",2013-08-22 02:12:09,2013-08-22 02:12:08,557568,A,0x0008D878,0x0008D878,x86,GUI,"CV",0x61400000,Unknown,0x0008C000,Not Loaded,6.3.9600.16384,6.3.9600.16384,6.3,11.0,6.3,6.3
D,"OLEACC.DLL",2013-08-22 02:42:31,2013-08-22 02:42:30,280064,A,0x00053700,0x00053700,x86,GUI,"CV",0x61880000,Unknown,0x00048000,Not Loaded,7.2.9600.16384,6.3.9600.16384,6.3,11.0,6.3,6.3
D,"NEWDEV.DLL",2014-02-22 10:13:28,2014-02-22 10:13:28,307200,A,0x0004C29E,0x0004C29E,x86,Console,"CV",0x61B00000,Unknown,0x0004F000,Not Loaded,6.0.5054.0,6.0.5054.0,6.3,11.0,6.3,6.3
D,"WININET.DLL",2014-09-18 23:59:11,2014-09-18 23:58:58,1810944,A,0x001C275E,0x001C275E,x86,GUI,"CV",0x63000000,Unknown,0x001C2000,Not Loaded,11.0.9600.17344,11.0.9600.17344,6.3,11.0,6.3,6.1
DE,"SHLWAPI.DLL",2013-08-22 05:25:37,2013-08-22 02:18:03,263872,A,0x0004E936,0x0004E936,x86,GUI,"CV",0x63180000,Unknown,0x00041000,Not Loaded,6.3.9600.16384,6.3.9600.16384,6.3,11.0,6.3,6.3
D,"MSRATING.DLL",2014-09-11 18:49:20,2014-02-06 09:25:43,164864,A,0x0002EBA7,0x0002EBA7,x86,GUI,"CV",0x63400000,Unknown,0x0002C000,Not Loaded,11.0.9600.16518,11.0.9600.16518,6.3,11.0,6.3,6.1
D,"MSHTML.DLL",2014-09-19 01:44:05,2014-09-19 01:42:58,17484800,A,0x010B74A9,0x010B74A9,x86,GUI,"CV",0x63580000,Unknown,0x010B5000,Not Loaded,11.0.9600.17344,11.0.9600.17344,6.3,11.0,6.3,6.1
D,"OCCACHE.DLL",2014-02-22 09:53:01,2014-02-22 09:53:01,127488,A,0x0002DA46,0x0002DA46,x86,GUI,"CV",0x63780000,Unknown,0x00022000,Not Loaded,11.0.9600.17031,11.0.9600.17031,6.3,11.0,6.3,6.1
D,"ADVPACK.DLL",2013-08-22 03:43:23,2013-08-22 03:43:22,111616,A,0x00024A3C,0x00024A3C,x86,GUI,"CV",0x65000000,Unknown,0x0002C000,Not Loaded,11.0.9600.16384,11.0.9600.16384,6.3,11.0,6.3,6.1
D,"IEADVPACK.DLL",2013-08-22 03:43:00,2013-08-22 03:43:00,111616,A,0x00020E0A,0x00020E0A,x86,GUI,"CV",0x65000000,Unknown,0x0002C000,Not Loaded,11.0.9600.16384,11.0.9600.16384,6.3,11.0,6.3,6.1
D,"USP10.DLL",2013-08-22 04:12:40,2013-08-22 04:12:40,76288,A,0x000224B6,0x000224B6,x86,GUI,"CV",0x65100000,Unknown,0x00014000,Not Loaded,6.3.9600.16384,6.3.9600.16384,6.3,11.0,6.3,6.3
D,"EFSADU.DLL",2013-08-22 03:03:49,2013-08-22 03:03:49,88064,A,0x0001AF43,0x0001AF43,x86,GUI,"CV",0x67BA0000,Unknown,0x0001B000,Not Loaded,6.3.9600.16384,6.3.9600.16384,6.3,11.0,6.3,6.3
,"OLE32.DLL",2014-03-08 11:34:53,2014-03-08 06:05:07,1095488,A,0x0010ECBF,0x0010ECBF,x86,Console,"CV",0x68F00000,Unknown,0x0010C000,Not Loaded,6.3.9600.17042,6.3.9600.17042,6.3,11.0,6.3,6.3
D,"SHELL32.DLL",2014-08-16 03:16:40,2014-08-16 00:26:13,18722600,A,0x011E5C3C,0x011E5C3C,x86,GUI,"CV",0x69800000,Unknown,0x011B7000,Not Loaded,6.3.9600.17278,6.3.9600.17278,6.3,11.0,6.3,6.3
,"NTDLL.DLL",2014-08-16 03:03:51,2014-08-16 01:32:19,1467384,A,0x001761E0,0x001761E0,x86,Console,"CV",0x6B280000,Unknown,0x00167000,Not Loaded,6.3.9600.17278,6.3.9600.17278,6.3,11.0,6.3,6.3
,"KERNEL32.DLL",2014-03-19 23:55:24,2014-03-19 23:55:24,1036288,A,0x000FEC4C,0x000FEC4C,x86,Console,"CV",0x6B800000,Unknown,0x00140000,Not Loaded,6.3.9600.17056,6.3.9600.17056,6.3,11.0,6.3,6.3
,"USER32.DLL",2014-07-24 08:49:34,2014-07-24 08:49:29,1361408,A,0x0015016A,0x0015016A,x86,GUI,"CV",0x6BA80000,Unknown,0x0014F000,Not Loaded,6.3.9600.17238,6.3.9600.17238,6.3,11.0,6.3,6.3
D,"SHDOCVW.DLL",2013-08-22 04:07:29,2013-08-22 04:07:28,206336,A,0x0003DDD9,0x0003DDD9,x86,GUI,"CV",0x71700000,Unknown,0x00035000,Not Loaded,6.3.9600.16384,6.3.9600.16384,6.3,11.0,6.3,6.3
D,"COMCTL32.DLL",2014-02-22 11:23:24,2014-02-22 11:23:09,1975296,A,0x001F2143,0x001F2143,x86,GUI,"CV",0x71A00000,Unknown,0x001E6000,Not Loaded,6.10.9600.17031,6.3.9600.17031,6.3,11.0,6.3,6.3
D,"UXTHEME.DLL",2014-02-22 08:53:43,2014-02-22 08:53:38,876544,A,0x000D9125,0x000D9125,x86,GUI,"CV",0x71B00000,Unknown,0x000DB000,Not Loaded,6.3.9600.17031,6.3.9600.17031,6.3,11.0,6.3,6.3
D,"WINHTTP.DLL",2013-08-22 02:39:08,2013-08-22 02:39:05,589312,A,0x00095299,0x00095299,x86,GUI,"CV",0x76080000,Unknown,0x00094000,Not Loaded,6.3.9600.16384,6.3.9600.16384,6.3,11.0,6.3,6.3
D,"AVRT.DLL",2013-08-22 05:24:59,2013-08-22 02:55:34,30464,A,0x0000E91C,0x0000E91C,x86,Console,"CV",0x78B00000,Unknown,0x00009000,Not Loaded,6.3.9600.16384,6.3.9600.16384,6.3,11.0,6.3,6.3
D,"APPHELP.DLL",2014-02-22 11:16:24,2014-02-22 11:16:22,617472,A,0x00097AEF,0x00097AEF,x86,GUI,"CV",0x78C80000,Unknown,0x00099000,Not Loaded,6.3.9600.17031,6.3.9600.17031,6.3,11.0,6.3,6.3
